#particle, x, y, area, density
0, 206, 0, 6, 178.00
1, 282, 0, 6, 171.00
2, 339, 0, 45, 165.27
3, 416, 0, 7, 157.71
4, 829, 0, 11, 141.91
5, 926, 1, 61, 141.39
6, 1095, 1, 89, 134.21
7, 1284, 1, 30, 161.67
8, 1340, 1, 30, 161.00
9, 876, 2, 62, 149.97
10, 916, 2, 28, 143.36
11, 935, 2, 78, 150.49
12, 425, 4, 18, 154.11
13, 627, 4, 15, 158.40
14, 681, 4, 25, 154.16
15, 1108, 4, 15, 150.93
16, 1179, 4, 28, 160.07
17, 1257, 4, 16, 166.94
18, 384, 5, 20, 158.35
19, 545, 5, 10, 164.90
20, 643, 5, 10, 158.40
21, 1050, 5, 22, 156.55
22, 727, 7, 15, 160.47
23, 946, 7, 34, 155.82
24, 952, 7, 4, 153.75
25, 50, 8, 58, 163.72
26, 1007, 8, 4, 151.25
27, 133, 9, 40, 145.78
28, 396, 10, 42, 157.60
29, 416, 10, 20, 160.05
30, 433, 10, 10, 148.40
31, 631, 10, 18, 157.78
32, 789, 10, 12, 159.92
33, 580, 11, 76, 156.34
34, 712, 11, 4, 151.75
35, 797, 11, 45, 138.07
36, 178, 12, 16, 176.06
37, 286, 12, 83, 165.35
38, 593, 12, 30, 160.63
39, 1197, 12, 4, 158.00
40, 1265, 12, 26, 161.04
41, 1279, 12, 4, 162.00
42, 780, 13, 9, 174.22
43, 1100, 13, 47, 142.47
44, 1251, 13, 74, 164.51
45, 673, 14, 27, 154.81
46, 233, 15, 18, 144.39
47, 682, 15, 90, 153.40
48, 880, 15, 19, 147.79
49, 623, 16, 20, 156.10
50, 941, 16, 40, 144.03
51, 996, 16, 61, 153.07
52, 1303, 16, 4, 158.75
53, 117, 17, 15, 154.13
54, 124, 17, 13, 153.38
55, 551, 17, 32, 163.06
56, 404, 18, 33, 153.15
57, 246, 19, 4, 143.50
58, 412, 19, 13, 155.92
59, 429, 19, 24, 151.79
60, 903, 19, 37, 153.76
61, 1212, 19, 10, 163.80
62, 775, 20, 31, 169.45
63, 827, 20, 25, 153.96
64, 49, 21, 58, 159.83
65, 862, 21, 86, 133.71
66, 101, 22, 46, 139.74
67, 443, 22, 47, 146.79
68, 543, 22, 49, 154.67
69, 790, 22, 10, 144.60
70, 812, 22, 44, 143.55
71, 1216, 22, 13, 165.46
72, 6, 23, 10, 167.80
73, 90, 23, 19, 153.21
74, 116, 23, 57, 150.68
75, 938, 24, 4, 152.00
76, 374, 25, 21, 164.90
77, 399, 25, 33, 156.88
78, 535, 25, 23, 160.83
79, 324, 26, 8, 164.00
80, 278, 27, 17, 162.24
81, 437, 28, 14, 153.86
82, 671, 29, 89, 155.51
83, 200, 30, 4, 173.25
84, 412, 30, 18, 158.06
85, 739, 30, 9, 159.33
86, 887, 30, 4, 151.50
87, 957, 30, 43, 157.42
88, 85, 31, 24, 156.42
89, 187, 31, 17, 171.94
90, 989, 31, 28, 160.25
91, 1087, 31, 15, 161.40
92, 304, 32, 27, 161.67
93, 629, 32, 94, 150.50
94, 918, 33, 42, 137.40
95, 1129, 33, 82, 142.11
96, 1198, 33, 17, 160.47
97, 16, 34, 8, 166.62
98, 104, 34, 4, 148.50
99, 718, 34, 13, 160.69
100, 1024, 34, 13, 167.77
101, 187, 36, 91, 170.03
102, 398, 36, 13, 159.77
103, 42, 37, 4, 154.00
104, 223, 37, 4, 137.50
105, 278, 37, 25, 151.52
106, 324, 37, 68, 157.76
107, 988, 37, 17, 161.76
108, 55, 38, 22, 154.91
109, 126, 38, 25, 145.88
110, 152, 38, 48, 153.71
111, 687, 38, 4, 149.75
112, 694, 38, 92, 143.96
113, 865, 38, 15, 157.47
114, 908, 39, 60, 152.92
115, 439, 40, 15, 158.40
116, 82, 41, 13, 154.62
117, 397, 41, 17, 158.76
118, 670, 41, 26, 151.62
119, 847, 41, 60, 150.80
120, 969, 41, 59, 161.36
121, 1033, 41, 15, 164.93
122, 1308, 41, 17, 152.24
123, 115, 42, 14, 151.21
124, 419, 42, 20, 158.35
125, 830, 42, 22, 159.91
126, 977, 42, 27, 157.37
127, 1087, 42, 4, 164.00
128, 1255, 42, 75, 158.47
129, 49, 43, 13, 154.00
130, 957, 43, 15, 159.13
131, 1316, 43, 21, 155.90
132, 1245, 44, 64, 157.02
133, 122, 45, 61, 134.97
134, 223, 45, 13, 138.69
135, 990, 45, 48, 156.42
136, 357, 46, 10, 159.10
137, 273, 47, 4, 143.50
138, 318, 47, 10, 161.10
139, 342, 47, 60, 155.52
140, 397, 47, 42, 156.62
141, 404, 47, 23, 158.48
142, 433, 47, 69, 156.99
143, 490, 47, 9, 158.11
144, 1271, 47, 96, 145.47
145, 68, 48, 21, 150.62
146, 1036, 48, 42, 159.48
147, 196, 49, 4, 165.50
148, 552, 49, 35, 161.46
149, 937, 49, 89, 153.47
150, 105, 50, 4, 147.25
151, 242, 50, 14, 135.50
152, 288, 50, 82, 145.82
153, 389, 50, 26, 161.08
154, 1100, 50, 43, 151.63
155, 58, 51, 22, 154.73
156, 111, 51, 4, 146.75
157, 233, 51, 10, 134.50
158, 261, 51, 4, 136.50
159, 281, 51, 4, 143.00
160, 1229, 52, 23, 164.22
161, 148, 54, 15, 153.47
162, 557, 54, 77, 159.53
163, 588, 54, 13, 158.38
164, 1139, 54, 22, 153.55
165, 1218, 54, 66, 157.76
166, 106, 55, 70, 148.70
167, 49, 56, 42, 155.00
168, 320, 56, 19, 162.84
169, 539, 56, 18, 162.44
170, 336, 57, 14, 162.71
171, 455, 57, 24, 150.00
172, 692, 57, 30, 146.43
173, 1116, 57, 24, 148.67
174, 92, 58, 24, 148.92
175, 922, 58, 67, 143.66
176, 1072, 58, 20, 163.15
177, 681, 59, 24, 151.92
178, 975, 59, 49, 159.10
179, 546, 60, 33, 157.79
180, 986, 60, 8, 162.88
181, 1083, 60, 34, 155.82
182, 232, 61, 20, 142.20
183, 630, 61, 61, 124.02
184, 284, 62, 15, 153.27
185, 780, 62, 25, 152.16
186, 876, 62, 91, 151.20
187, 1305, 62, 23, 158.00
188, 420, 63, 30, 154.63
189, 658, 63, 20, 149.75
190, 793, 63, 87, 148.44
191, 912, 63, 4, 146.00
192, 222, 64, 34, 144.50
193, 651, 64, 13, 154.31
194, 946, 64, 30, 160.07
195, 399, 65, 51, 148.12
196, 1186, 65, 19, 159.11
197, 1322, 65, 17, 160.47
198, 49, 66, 4, 150.75
199, 409, 66, 28, 156.43
200, 428, 66, 15, 157.20
201, 909, 66, 10, 154.70
202, 808, 67, 8, 150.50
203, 81, 68, 17, 153.53
204, 76, 69, 4, 151.50
205, 1286, 69, 29, 158.31
206, 770, 71, 10, 159.50
207, 57, 72, 21, 152.00
208, 194, 72, 28, 150.86
209, 216, 72, 10, 154.40
210, 817, 72, 13, 162.15
211, 315, 73, 37, 156.35
212, 382, 73, 21, 148.67
213, 477, 73, 25, 154.48
214, 508, 73, 17, 159.65
215, 619, 73, 53, 146.02
216, 393, 74, 8, 153.00
217, 423, 74, 43, 143.14
218, 964, 74, 22, 164.59
219, 44, 75, 31, 151.03
220, 73, 75, 9, 156.56
221, 221, 75, 19, 153.95
222, 281, 75, 20, 155.30
223, 431, 75, 23, 152.83
224, 559, 75, 19, 162.42
225, 437, 76, 4, 149.00
226, 1149, 76, 24, 153.46
227, 1241, 76, 33, 162.45
228, 1262, 77, 8, 158.00
229, 326, 78, 41, 158.07
230, 82, 79, 33, 156.03
231, 301, 79, 15, 159.67
232, 391, 79, 17, 154.35
233, 485, 79, 4, 154.00
234, 1231, 79, 15, 165.00
235, 309, 80, 19, 164.79
236, 794, 80, 18, 155.56
237, 618, 81, 38, 153.97
238, 372, 82, 73, 142.16
239, 537, 82, 15, 161.80
240, 835, 82, 21, 154.71
241, 1064, 82, 81, 144.84
242, 1304, 82, 29, 159.72
243, 479, 83, 46, 144.98
244, 935, 83, 31, 162.03
245, 431, 84, 4, 144.50
246, 602, 84, 6, 157.83
247, 646, 84, 78, 150.27
248, 786, 84, 16, 158.88
249, 913, 84, 10, 158.30
250, 906, 85, 15, 160.73
251, 1263, 85, 51, 151.45
252, 319, 86, 32, 159.84
253, 385, 87, 15, 147.53
254, 624, 87, 30, 152.33
255, 899, 88, 24, 158.58
256, 1166, 88, 27, 151.44
257, 194, 89, 15, 152.13
258, 333, 89, 4, 156.50
259, 447, 89, 32, 154.16
260, 666, 89, 19, 149.37
261, 911, 89, 31, 153.52
262, 302, 90, 13, 166.38
263, 380, 90, 58, 146.55
264, 730, 90, 52, 158.08
265, 154, 91, 55, 151.71
266, 633, 91, 12, 152.67
267, 709, 91, 12, 151.92
268, 758, 91, 21, 167.52
269, 881, 91, 15, 154.47
270, 996, 91, 13, 165.46
271, 63, 92, 4, 150.75
272, 101, 92, 31, 152.45
273, 160, 92, 13, 154.54
274, 264, 92, 29, 156.14
275, 1138, 92, 43, 147.72
276, 850, 93, 24, 152.54
277, 892, 93, 44, 145.86
278, 988, 93, 10, 164.20
279, 1151, 93, 24, 147.79
280, 1162, 93, 36, 122.78
281, 1284, 93, 23, 160.61
282, 203, 94, 12, 155.50
283, 489, 94, 11, 154.73
284, 1005, 94, 31, 156.55
285, 220, 95, 10, 149.80
286, 342, 95, 9, 162.22
287, 856, 95, 9, 158.67
288, 1058, 95, 4, 145.50
289, 70, 96, 33, 152.48
290, 311, 96, 26, 164.85
291, 617, 96, 19, 155.32
292, 644, 97, 18, 152.50
293, 674, 97, 57, 149.25
294, 876, 97, 81, 143.51
295, 624, 98, 21, 148.67
296, 831, 98, 18, 160.72
297, 1198, 98, 4, 157.75
298, 95, 99, 4, 150.25
299, 214, 99, 29, 151.86
300, 1105, 99, 42, 138.36
301, 1153, 99, 23, 151.83
302, 226, 100, 31, 146.71
303, 958, 100, 81, 151.74
304, 970, 100, 29, 157.00
305, 563, 101, 9, 162.33
306, 357, 102, 19, 155.79
307, 402, 102, 57, 141.84
308, 29, 103, 4, 157.50
309, 147, 103, 4, 152.25
310, 167, 103, 4, 151.50
311, 597, 103, 15, 157.73
312, 615, 103, 20, 150.70
313, 983, 103, 13, 159.62
314, 135, 104, 42, 153.38
315, 441, 104, 14, 155.43
316, 590, 104, 36, 157.36
317, 668, 104, 4, 149.50
318, 1287, 104, 30, 165.20
319, 715, 105, 39, 151.90
320, 772, 105, 43, 163.21
321, 851, 105, 10, 158.70
322, 474, 106, 10, 147.90
323, 729, 106, 9, 161.11
324, 782, 106, 26, 154.73
325, 9, 107, 24, 162.42
326, 333, 107, 4, 158.75
327, 664, 107, 69, 146.78
328, 998, 107, 21, 159.95
329, 356, 108, 60, 155.62
330, 624, 108, 77, 145.99
331, 812, 108, 8, 161.00
332, 1055, 108, 99, 124.71
333, 1166, 108, 8, 154.25
334, 1249, 108, 49, 153.24
335, 1100, 109, 10, 153.80
336, 764, 110, 15, 160.60
337, 953, 110, 9, 159.44
338, 1118, 110, 20, 150.40
339, 988, 111, 10, 163.10
340, 33, 112, 15, 160.33
341, 131, 112, 29, 153.10
342, 256, 112, 15, 157.40
343, 418, 112, 36, 153.33
344, 479, 112, 17, 148.47
345, 1325, 112, 23, 164.04
346, 367, 113, 4, 156.00
347, 487, 113, 17, 149.29
348, 1175, 113, 15, 160.20
349, 1269, 113, 17, 155.65
350, 69, 114, 79, 153.42
351, 170, 114, 69, 153.86
352, 595, 114, 41, 155.61
353, 80, 115, 4, 152.00
354, 148, 115, 13, 154.54
355, 185, 115, 35, 153.94
356, 230, 115, 41, 140.93
357, 252, 115, 57, 150.44
358, 503, 115, 19, 147.16
359, 657, 115, 17, 150.29
360, 925, 115, 81, 157.14
361, 118, 116, 29, 157.07
362, 517, 116, 41, 142.15
363, 963, 116, 4, 152.25
364, 985, 116, 14, 159.50
365, 1274, 116, 46, 152.07
366, 582, 118, 67, 154.09
367, 1110, 118, 10, 153.40
368, 22, 119, 10, 162.90
369, 1208, 119, 4, 159.25
370, 222, 120, 67, 143.16
371, 350, 120, 30, 159.20
372, 134, 121, 11, 156.09
373, 264, 121, 68, 157.65
374, 442, 121, 18, 150.61
375, 603, 121, 33, 147.30
376, 812, 121, 20, 158.00
377, 849, 121, 35, 159.06
378, 963, 121, 8, 156.50
379, 1116, 121, 32, 148.12
380, 1333, 121, 56, 163.02
381, 108, 122, 4, 160.00
382, 361, 122, 43, 160.33
383, 526, 122, 91, 144.54
384, 998, 122, 6, 158.33
385, 1124, 122, 17, 154.88
386, 25, 123, 31, 157.32
387, 63, 123, 11, 152.64
388, 301, 123, 12, 165.83
389, 313, 123, 86, 159.38
390, 987, 123, 39, 153.74
391, 214, 125, 21, 156.76
392, 1058, 125, 88, 135.82
393, 598, 127, 4, 150.25
394, 79, 128, 82, 153.10
395, 1040, 128, 43, 146.19
396, 182, 129, 28, 157.07
397, 274, 129, 57, 158.19
398, 610, 129, 32, 154.91
399, 1010, 129, 60, 154.33
400, 1283, 129, 22, 162.23
401, 461, 130, 30, 142.73
402, 1101, 130, 4, 146.75
403, 144, 131, 39, 157.13
404, 335, 131, 13, 163.85
405, 633, 131, 26, 151.81
406, 688, 131, 30, 153.40
407, 843, 131, 15, 156.33
408, 1197, 131, 75, 151.73
409, 1247, 131, 15, 146.27
410, 363, 132, 55, 150.98
411, 443, 132, 15, 155.33
412, 592, 132, 4, 151.50
413, 835, 132, 15, 159.80
414, 997, 132, 8, 157.25
415, 1338, 132, 34, 167.82
416, 582, 133, 40, 155.18
417, 850, 133, 23, 153.30
418, 133, 134, 10, 161.50
419, 152, 134, 34, 160.71
420, 325, 134, 26, 157.31
421, 534, 134, 52, 136.02
422, 296, 135, 42, 165.02
423, 354, 135, 32, 160.03
424, 432, 135, 12, 155.08
425, 599, 135, 37, 151.68
426, 649, 135, 42, 149.10
427, 824, 135, 24, 154.62
428, 164, 136, 10, 154.40
429, 319, 136, 10, 160.30
430, 385, 136, 55, 158.82
431, 1290, 136, 66, 145.70
432, 178, 137, 19, 158.05
433, 217, 137, 72, 148.82
434, 640, 137, 45, 144.87
435, 11, 138, 53, 158.28
436, 1013, 138, 17, 156.35
437, 1212, 138, 33, 157.06
438, 204, 139, 10, 159.50
439, 440, 139, 4, 152.75
440, 731, 139, 19, 155.68
441, 423, 140, 10, 155.30
442, 744, 140, 6, 155.00
443, 751, 140, 4, 151.00
444, 132, 141, 12, 159.75
445, 588, 141, 50, 154.92
446, 369, 142, 10, 160.10
447, 394, 142, 13, 158.69
448, 801, 142, 17, 154.59
449, 815, 142, 28, 155.25
450, 251, 143, 42, 155.14
451, 788, 143, 38, 149.16
452, 834, 143, 4, 154.25
453, 184, 144, 4, 153.75
454, 807, 144, 64, 152.50
455, 969, 144, 30, 151.83
456, 1207, 144, 63, 151.98
457, 1338, 144, 35, 160.31
458, 76, 145, 13, 153.08
459, 111, 145, 59, 157.03
460, 464, 146, 51, 159.20
461, 493, 146, 40, 146.18
462, 611, 146, 17, 155.00
463, 470, 147, 4, 158.75
464, 542, 147, 24, 146.00
465, 560, 147, 24, 154.00
466, 124, 148, 4, 153.75
467, 334, 148, 100, 152.88
468, 384, 148, 34, 154.76
469, 477, 148, 14, 157.29
470, 518, 148, 20, 148.35
471, 781, 148, 4, 150.00
472, 1007, 148, 10, 154.50
473, 1047, 148, 12, 148.42
474, 10, 150, 28, 159.86
475, 17, 150, 4, 154.50
476, 93, 150, 4, 155.75
477, 963, 150, 24, 157.96
478, 594, 151, 20, 154.35
479, 924, 151, 22, 159.23
480, 929, 151, 4, 158.75
481, 1201, 151, 82, 151.73
482, 637, 152, 20, 155.75
483, 133, 153, 5, 154.80
484, 367, 153, 60, 153.60
485, 865, 153, 23, 161.57
486, 972, 153, 4, 154.00
487, 1114, 153, 8, 151.25
488, 29, 154, 58, 154.12
489, 601, 154, 59, 148.73
490, 617, 154, 4, 153.75
491, 1100, 154, 97, 148.29
492, 324, 155, 24, 158.12
493, 778, 155, 19, 152.16
494, 1044, 155, 4, 144.75
495, 348, 156, 59, 149.37
496, 358, 156, 15, 161.87
497, 801, 156, 20, 154.70
498, 943, 156, 28, 158.39
499, 1118, 156, 34, 147.44
500, 1140, 156, 24, 156.21
501, 194, 157, 22, 158.00
502, 248, 157, 22, 153.91
503, 256, 157, 81, 147.60
504, 449, 158, 21, 157.81
505, 543, 158, 10, 153.00
506, 179, 159, 20, 159.35
507, 204, 159, 40, 150.57
508, 492, 159, 17, 151.65
509, 627, 159, 25, 154.16
510, 81, 160, 22, 152.50
511, 272, 160, 45, 151.58
512, 819, 160, 76, 153.37
513, 103, 161, 15, 161.47
514, 470, 161, 34, 157.29
515, 806, 161, 78, 149.18
516, 186, 162, 23, 160.43
517, 517, 162, 31, 155.94
518, 613, 162, 13, 154.00
519, 577, 163, 26, 157.23
520, 366, 164, 26, 155.19
521, 781, 164, 56, 142.64
522, 194, 165, 91, 157.21
523, 155, 166, 23, 158.83
524, 454, 166, 10, 158.40
525, 42, 167, 60, 149.30
526, 910, 167, 15, 157.87
527, 283, 168, 4, 147.75
528, 294, 168, 20, 149.70
529, 508, 168, 25, 161.64
530, 600, 168, 23, 152.00
531, 888, 168, 38, 157.55
532, 1079, 168, 4, 151.25
533, 1207, 168, 17, 173.65
534, 273, 169, 47, 145.77
535, 103, 170, 27, 156.33
536, 216, 170, 30, 147.63
537, 416, 170, 13, 161.08
538, 123, 171, 17, 150.82
539, 1180, 171, 39, 160.23
540, 1081, 172, 17, 147.59
541, 699, 173, 11, 162.45
542, 782, 173, 37, 158.27
543, 1131, 173, 41, 153.17
544, 68, 174, 20, 150.80
545, 607, 174, 54, 153.20
546, 619, 174, 15, 156.80
547, 965, 174, 66, 154.36
548, 1189, 174, 80, 176.25
549, 1200, 174, 24, 178.71
550, 420, 175, 36, 152.58
551, 483, 175, 46, 156.63
552, 770, 175, 4, 150.00
553, 788, 175, 10, 157.40
554, 995, 175, 34, 144.24
555, 112, 176, 88, 146.35
556, 134, 176, 4, 149.25
557, 178, 176, 4, 154.50
558, 1336, 176, 15, 158.60
559, 185, 177, 51, 155.94
560, 289, 177, 17, 147.65
561, 382, 177, 4, 146.25
562, 451, 177, 19, 159.16
563, 659, 177, 27, 156.48
564, 816, 177, 38, 158.42
565, 1035, 177, 25, 153.40
566, 216, 178, 12, 145.42
567, 1210, 178, 28, 171.36
568, 688, 179, 52, 151.65
569, 828, 179, 4, 162.50
570, 358, 180, 4, 152.50
571, 604, 181, 32, 155.66
572, 644, 181, 92, 156.37
573, 1061, 181, 13, 154.31
574, 257, 182, 30, 147.57
575, 329, 182, 31, 150.32
576, 1326, 182, 50, 148.82
577, 289, 183, 4, 147.75
578, 558, 183, 17, 159.29
579, 1133, 183, 10, 154.80
580, 284, 184, 40, 151.85
581, 631, 184, 54, 159.26
582, 701, 184, 45, 151.27
583, 752, 184, 15, 161.60
584, 768, 184, 24, 159.71
585, 811, 184, 13, 167.69
586, 1139, 184, 28, 150.61
587, 833, 185, 22, 163.45
588, 1338, 185, 10, 154.00
589, 533, 186, 37, 155.78
590, 1308, 186, 43, 151.09
591, 573, 187, 82, 150.72
592, 990, 187, 30, 157.13
593, 1128, 187, 4, 155.75
594, 139, 188, 17, 152.41
595, 183, 188, 22, 159.55
596, 278, 188, 10, 154.10
597, 1000, 188, 79, 148.13
598, 1252, 188, 15, 147.93
599, 57, 189, 38, 147.92
600, 96, 189, 4, 138.50
601, 552, 189, 23, 155.83
602, 447, 190, 77, 157.52
603, 663, 190, 56, 158.93
604, 1091, 190, 19, 150.26
605, 1280, 190, 13, 152.00
606, 1314, 190, 30, 151.37
607, 581, 191, 27, 155.44
608, 677, 191, 14, 162.21
609, 798, 191, 46, 155.22
610, 31, 192, 15, 156.40
611, 361, 192, 29, 155.00
612, 432, 192, 47, 154.66
613, 684, 192, 40, 147.18
614, 777, 192, 20, 168.35
615, 336, 193, 48, 151.27
616, 409, 193, 37, 156.89
617, 655, 193, 26, 161.42
618, 760, 193, 31, 158.77
619, 1269, 193, 35, 149.91
620, 1287, 193, 33, 148.21
621, 768, 194, 4, 152.75
622, 1243, 194, 15, 157.27
623, 321, 195, 28, 149.18
624, 546, 195, 30, 158.87
625, 957, 195, 49, 154.31
626, 142, 196, 24, 149.62
627, 789, 196, 13, 167.15
628, 1146, 196, 29, 161.24
629, 44, 198, 25, 151.96
630, 71, 198, 41, 139.78
631, 88, 198, 61, 143.28
632, 353, 198, 41, 153.68
633, 1051, 198, 14, 164.14
634, 423, 199, 38, 157.16
635, 714, 199, 21, 160.81
636, 723, 199, 10, 161.20
637, 806, 199, 36, 165.58
638, 1089, 199, 32, 151.38
639, 1339, 199, 23, 148.22
640, 7, 200, 26, 164.42
641, 465, 200, 37, 154.43
642, 772, 200, 29, 158.72
643, 834, 200, 10, 162.50
644, 926, 200, 33, 150.27
645, 1155, 200, 26, 159.50
646, 1245, 200, 33, 147.33
647, 1334, 200, 63, 151.70
648, 798, 201, 11, 167.64
649, 27, 202, 22, 154.23
650, 734, 202, 22, 158.41
651, 411, 203, 31, 156.45
652, 886, 203, 18, 156.17
653, 910, 203, 52, 152.13
654, 1110, 203, 4, 144.50
655, 363, 204, 32, 148.06
656, 506, 204, 76, 161.21
657, 580, 204, 58, 151.95
658, 658, 204, 35, 154.63
659, 790, 204, 32, 158.72
660, 1327, 204, 4, 151.00
661, 446, 205, 13, 161.00
662, 964, 205, 17, 155.06
663, 1097, 205, 28, 154.11
664, 1290, 205, 13, 153.62
665, 207, 206, 74, 144.54
666, 450, 206, 23, 156.43
667, 1190, 206, 56, 172.21
668, 492, 208, 13, 162.62
669, 647, 208, 8, 161.38
670, 46, 209, 84, 144.95
671, 105, 209, 38, 136.71
672, 1329, 209, 6, 153.33
673, 879, 210, 15, 159.60
674, 1053, 210, 9, 170.00
675, 725, 211, 32, 156.59
676, 1238, 211, 46, 144.37
677, 1264, 211, 27, 149.33
678, 247, 212, 32, 159.00
679, 752, 213, 47, 159.72
680, 1148, 213, 33, 157.64
681, 445, 214, 10, 159.50
682, 600, 214, 29, 153.83
683, 38, 215, 4, 150.25
684, 340, 215, 4, 149.50
685, 58, 216, 12, 148.42
686, 127, 216, 13, 148.92
687, 518, 216, 13, 158.23
688, 661, 216, 8, 163.00
689, 787, 216, 4, 152.25
690, 1319, 216, 14, 154.79
691, 504, 218, 4, 155.00
692, 513, 218, 84, 152.06
693, 545, 218, 4, 154.25
694, 1098, 218, 15, 151.40
695, 1311, 218, 39, 146.49
696, 344, 219, 15, 153.67
697, 529, 219, 47, 136.87
698, 1046, 219, 10, 163.60
699, 37, 220, 30, 150.37
700, 804, 220, 24, 152.17
701, 892, 220, 20, 153.80
702, 898, 220, 37, 159.19
703, 931, 220, 10, 156.50
704, 738, 221, 4, 158.50
705, 744, 221, 49, 160.08
706, 1089, 221, 22, 151.00
707, 241, 222, 39, 159.26
708, 335, 222, 26, 153.15
709, 355, 222, 12, 155.08
710, 378, 222, 17, 163.06
711, 1189, 223, 4, 174.25
712, 1319, 223, 80, 145.90
713, 52, 224, 13, 149.46
714, 519, 224, 91, 154.73
715, 838, 224, 40, 163.97
716, 936, 224, 4, 148.75
717, 104, 225, 28, 148.75
718, 735, 225, 21, 158.57
719, 399, 226, 43, 153.40
720, 730, 226, 13, 159.69
721, 964, 226, 35, 151.74
722, 1098, 226, 38, 147.76
723, 18, 227, 30, 150.30
724, 350, 227, 47, 154.57
725, 1057, 227, 17, 176.06
726, 1162, 227, 60, 170.02
727, 256, 228, 4, 158.75
728, 304, 228, 52, 151.48
729, 606, 228, 28, 152.43
730, 932, 228, 88, 152.36
731, 1048, 228, 4, 171.50
732, 1156, 228, 23, 167.74
733, 1200, 228, 42, 169.93
734, 664, 229, 4, 161.50
735, 166, 230, 28, 159.75
736, 332, 230, 18, 155.56
737, 343, 230, 22, 154.00
738, 546, 230, 33, 155.76
739, 622, 230, 17, 158.94
740, 805, 230, 17, 155.24
741, 1239, 230, 15, 163.67
742, 683, 231, 26, 165.31
743, 895, 231, 4, 162.50
744, 950, 231, 17, 145.76
745, 956, 231, 12, 153.17
746, 983, 231, 22, 148.09
747, 1176, 231, 10, 175.90
748, 507, 232, 94, 152.60
749, 1061, 232, 49, 152.51
750, 1152, 233, 26, 157.50
751, 47, 234, 10, 150.30
752, 439, 234, 29, 158.28
753, 745, 234, 4, 158.25
754, 755, 234, 4, 156.25
755, 1216, 234, 15, 176.60
756, 416, 235, 15, 163.40
757, 1236, 235, 72, 153.15
758, 243, 236, 26, 159.62
759, 556, 236, 20, 159.15
760, 919, 236, 58, 156.83
761, 1093, 236, 4, 148.00
762, 392, 237, 19, 160.26
763, 448, 237, 98, 147.72
764, 968, 237, 10, 154.60
765, 1006, 237, 10, 153.10
766, 1079, 237, 23, 152.57
767, 402, 238, 25, 157.08
768, 720, 238, 52, 155.79
769, 1076, 238, 33, 161.85
770, 32, 239, 39, 150.92
771, 117, 239, 38, 151.32
772, 338, 239, 21, 154.24
773, 348, 239, 39, 153.15
774, 680, 239, 12, 164.33
775, 798, 239, 4, 148.75
776, 1317, 239, 40, 150.80
777, 891, 240, 15, 163.47
778, 520, 241, 28, 154.64
779, 171, 242, 48, 159.67
780, 299, 242, 63, 136.49
781, 1188, 242, 12, 178.42
782, 1224, 242, 29, 169.52
783, 183, 243, 10, 160.80
784, 320, 243, 15, 154.00
785, 356, 243, 58, 138.62
786, 856, 243, 19, 155.16
787, 916, 243, 17, 165.59
788, 977, 243, 25, 142.56
789, 1209, 243, 19, 172.37
790, 232, 244, 4, 158.50
791, 405, 245, 4, 153.50
792, 155, 246, 67, 152.67
793, 257, 246, 4, 157.75
794, 431, 246, 12, 154.25
795, 463, 246, 12, 149.83
796, 231, 247, 54, 152.11
797, 995, 247, 26, 159.38
798, 1108, 247, 52, 152.31
799, 909, 248, 68, 162.18
800, 23, 249, 96, 151.65
801, 127, 249, 13, 158.15
802, 459, 249, 56, 140.09
803, 517, 249, 4, 156.75
804, 1071, 249, 32, 151.75
805, 1182, 250, 30, 165.83
806, 97, 251, 4, 155.25
807, 350, 251, 30, 151.37
808, 882, 251, 10, 161.00
809, 1141, 252, 51, 151.69
810, 746, 254, 28, 160.75
811, 1172, 254, 26, 158.42
812, 1332, 254, 69, 145.94
813, 119, 255, 31, 151.97
814, 131, 255, 35, 153.91
815, 263, 255, 41, 164.41
816, 304, 255, 43, 149.53
817, 1027, 255, 15, 162.40
818, 1211, 255, 71, 163.21
819, 1257, 255, 32, 137.16
820, 42, 256, 15, 154.73
821, 284, 256, 89, 161.00
822, 174, 257, 26, 154.58
823, 376, 257, 15, 160.07
824, 34, 258, 18, 151.83
825, 723, 259, 27, 159.07
826, 546, 262, 10, 159.30
827, 825, 262, 34, 142.79
828, 1026, 262, 10, 161.50
829, 1111, 262, 4, 155.00
830, 298, 263, 24, 155.62
831, 1005, 263, 8, 162.12
832, 421, 264, 4, 155.25
833, 475, 264, 48, 151.58
834, 115, 265, 67, 149.90
835, 557, 265, 26, 160.35
836, 1337, 265, 35, 172.71
837, 282, 266, 71, 162.49
838, 293, 266, 34, 159.06
839, 417, 266, 10, 158.50
840, 696, 266, 10, 154.50
841, 1265, 266, 4, 129.00
842, 6, 267, 12, 151.58
843, 797, 267, 9, 157.11
844, 165, 268, 29, 148.66
845, 868, 268, 26, 148.77
846, 1323, 268, 90, 166.58
847, 310, 269, 13, 154.62
848, 716, 269, 62, 144.18
849, 731, 269, 13, 159.38
850, 234, 270, 10, 161.60
851, 356, 271, 36, 134.72
852, 624, 271, 14, 168.86
853, 807, 271, 4, 147.50
854, 1143, 271, 60, 151.18
855, 1211, 271, 4, 164.75
856, 53, 272, 4, 152.00
857, 89, 272, 12, 155.67
858, 451, 272, 16, 152.75
859, 500, 272, 53, 147.36
860, 613, 272, 30, 172.07
861, 350, 273, 4, 133.75
862, 459, 273, 15, 151.87
863, 1304, 273, 48, 153.77
864, 246, 274, 8, 167.38
865, 850, 274, 20, 143.50
866, 1217, 274, 15, 167.07
867, 305, 275, 20, 153.35
868, 1251, 276, 23, 155.35
869, 62, 277, 11, 153.18
870, 662, 277, 26, 156.15
871, 722, 277, 75, 151.37
872, 807, 277, 46, 139.30
873, 828, 277, 12, 145.42
874, 1149, 277, 4, 156.00
875, 163, 278, 26, 143.77
876, 171, 278, 12, 146.67
877, 352, 278, 17, 141.47
878, 1163, 278, 32, 157.81
879, 1183, 278, 68, 156.54
880, 1335, 278, 10, 176.90
881, 146, 279, 63, 140.13
882, 691, 279, 4, 145.75
883, 957, 279, 64, 149.72
884, 1317, 279, 27, 176.67
885, 28, 280, 8, 153.25
886, 239, 280, 19, 164.11
887, 252, 280, 10, 164.20
888, 703, 280, 56, 140.43
889, 842, 280, 65, 139.03
890, 15, 281, 34, 152.79
891, 88, 281, 23, 157.65
892, 304, 281, 68, 147.01
893, 391, 281, 56, 149.86
894, 684, 281, 4, 144.50
895, 796, 281, 12, 152.42
896, 1144, 281, 9, 158.67
897, 382, 282, 20, 147.55
898, 1300, 282, 19, 152.89
899, 96, 283, 64, 157.39
900, 180, 283, 53, 143.04
901, 245, 284, 14, 165.64
902, 568, 284, 16, 156.75
903, 1197, 284, 39, 150.85
904, 37, 285, 55, 148.60
905, 411, 285, 24, 158.38
906, 669, 285, 57, 146.95
907, 933, 285, 13, 156.69
908, 1083, 285, 51, 157.04
909, 681, 286, 32, 142.78
910, 834, 286, 10, 140.40
911, 1329, 286, 22, 177.64
912, 108, 287, 4, 157.25
913, 222, 287, 21, 159.24
914, 375, 287, 28, 142.36
915, 871, 287, 11, 145.27
916, 210, 288, 38, 158.58
917, 250, 288, 4, 162.75
918, 295, 288, 51, 152.41
919, 276, 289, 4, 156.50
920, 403, 289, 17, 154.94
921, 698, 289, 46, 145.85
922, 1146, 289, 11, 158.73
923, 1183, 289, 32, 160.12
924, 46, 290, 54, 152.83
925, 661, 290, 33, 157.45
926, 779, 290, 23, 148.43
927, 1276, 290, 46, 147.70
928, 151, 291, 9, 148.89
929, 569, 291, 17, 156.65
930, 1211, 291, 25, 163.84
931, 605, 292, 34, 166.21
932, 849, 292, 89, 142.31
933, 127, 293, 17, 158.76
934, 876, 293, 25, 153.20
935, 1319, 294, 9, 179.33
936, 242, 295, 9, 160.78
937, 459, 295, 10, 163.10
938, 473, 295, 28, 157.75
939, 925, 295, 34, 158.18
940, 202, 296, 17, 157.88
941, 369, 296, 17, 140.12
942, 500, 296, 73, 142.48
943, 510, 296, 61, 141.79
944, 668, 296, 12, 151.50
945, 218, 297, 29, 156.28
946, 265, 297, 59, 157.02
947, 308, 297, 77, 126.55
948, 633, 297, 4, 157.50
949, 933, 297, 31, 170.06
950, 286, 298, 99, 146.90
951, 362, 298, 44, 141.02
952, 467, 298, 36, 165.25
953, 534, 298, 23, 154.70
954, 693, 298, 58, 145.78
955, 1226, 298, 18, 171.83
956, 1284, 298, 4, 154.00
957, 210, 299, 45, 157.51
958, 327, 299, 4, 142.00
959, 903, 299, 21, 161.62
960, 1187, 299, 39, 151.51
961, 864, 300, 24, 144.21
962, 52, 301, 17, 156.35
963, 1265, 301, 68, 156.82
964, 23, 302, 4, 149.75
965, 722, 302, 80, 133.25
966, 1304, 302, 37, 150.89
967, 399, 303, 24, 151.38
968, 406, 303, 23, 160.22
969, 443, 304, 13, 166.54
970, 708, 304, 13, 148.92
971, 1079, 304, 37, 160.89
972, 472, 305, 4, 164.75
973, 14, 306, 18, 153.06
974, 883, 306, 17, 155.47
975, 65, 308, 45, 153.38
976, 149, 308, 10, 151.70
977, 1033, 308, 26, 160.23
978, 520, 309, 44, 149.64
979, 601, 309, 17, 168.41
980, 860, 309, 29, 144.21
981, 872, 309, 31, 144.35
982, 1111, 309, 17, 160.76
983, 84, 310, 17, 158.94
984, 266, 310, 12, 155.08
985, 373, 310, 61, 134.30
986, 436, 310, 29, 165.28
987, 701, 310, 42, 141.76
988, 981, 311, 13, 148.23
989, 95, 312, 23, 158.39
990, 151, 312, 17, 152.12
991, 312, 312, 17, 146.71
992, 250, 313, 22, 149.77
993, 343, 313, 19, 143.16
994, 385, 313, 84, 140.76
995, 585, 313, 4, 158.25
996, 408, 314, 10, 158.30
997, 1022, 314, 10, 156.00
998, 265, 315, 4, 151.75
999, 43, 317, 10, 159.00
1000, 1155, 317, 8, 160.75
1001, 1163, 317, 20, 164.40
1002, 27, 318, 13, 151.62
1003, 229, 318, 8, 154.50
1004, 546, 318, 10, 158.40
1005, 68, 319, 20, 154.60
1006, 348, 320, 19, 139.42
1007, 394, 321, 29, 151.03
1008, 48, 322, 4, 156.75
1009, 336, 322, 23, 143.35
1010, 1080, 322, 61, 161.57
1011, 444, 323, 27, 166.11
1012, 785, 323, 35, 146.03
1013, 1091, 323, 34, 159.24
1014, 465, 324, 20, 167.95
1015, 1026, 324, 4, 160.00
1016, 582, 325, 22, 151.55
1017, 152, 326, 4, 151.50
1018, 538, 326, 40, 151.62
1019, 680, 326, 4, 154.75
1020, 1104, 327, 56, 155.38
1021, 1313, 327, 20, 154.30
1022, 265, 328, 11, 154.18
1023, 365, 328, 28, 141.50
1024, 595, 328, 23, 154.83
1025, 24, 330, 10, 156.50
1026, 29, 330, 10, 158.50
1027, 84, 330, 37, 149.81
1028, 490, 330, 50, 159.96
1029, 371, 331, 12, 148.08
1030, 48, 333, 4, 158.25
1031, 1259, 333, 34, 164.44
1032, 41, 334, 4, 160.25
1033, 248, 334, 10, 154.90
1034, 943, 334, 35, 186.43
1035, 1004, 334, 40, 155.35
1036, 325, 335, 19, 145.84
1037, 344, 335, 4, 142.25
1038, 377, 335, 62, 149.52
1039, 535, 335, 41, 152.88
1040, 756, 335, 17, 152.35
1041, 796, 335, 4, 155.75
1042, 1270, 335, 26, 153.19
1043, 665, 336, 83, 144.98
1044, 602, 337, 58, 152.14
1045, 274, 339, 28, 147.93
1046, 477, 339, 4, 164.25
1047, 547, 339, 60, 146.88
1048, 83, 340, 34, 150.26
1049, 388, 340, 13, 147.23
1050, 690, 340, 10, 162.70
1051, 696, 340, 45, 157.91
1052, 232, 341, 63, 153.00
1053, 483, 341, 15, 166.07
1054, 876, 341, 60, 149.23
1055, 1198, 341, 62, 164.19
1056, 1328, 341, 23, 151.48
1057, 287, 342, 29, 151.45
1058, 533, 342, 15, 152.80
1059, 349, 343, 32, 152.72
1060, 1043, 343, 20, 160.35
1061, 1148, 343, 24, 169.67
1062, 556, 344, 54, 153.02
1063, 806, 344, 32, 166.06
1064, 847, 344, 38, 158.58
1065, 192, 345, 29, 147.83
1066, 612, 346, 24, 150.54
1067, 684, 346, 28, 168.07
1068, 276, 347, 50, 148.44
1069, 418, 347, 10, 160.40
1070, 1177, 347, 45, 155.91
1071, 1282, 347, 9, 154.22
1072, 224, 348, 32, 151.81
1073, 569, 348, 66, 153.53
1074, 160, 349, 10, 158.70
1075, 387, 349, 31, 142.23
1076, 454, 349, 4, 162.50
1077, 546, 349, 17, 152.71
1078, 1138, 349, 17, 167.29
1079, 1169, 349, 65, 152.92
1080, 101, 350, 22, 159.82
1081, 752, 351, 42, 152.86
1082, 218, 352, 49, 149.98
1083, 561, 352, 28, 148.32
1084, 746, 352, 4, 145.25
1085, 792, 352, 45, 162.09
1086, 808, 352, 4, 163.00
1087, 1115, 352, 36, 156.08
1088, 1147, 352, 15, 169.20
1089, 313, 354, 62, 150.06
1090, 1291, 354, 25, 150.08
1091, 0, 355, 6, 168.00
1092, 86, 355, 52, 152.83
1093, 125, 355, 4, 159.75
1094, 226, 355, 20, 156.35
1095, 254, 355, 20, 155.05
1096, 816, 355, 23, 168.70
1097, 1188, 355, 19, 162.95
1098, 1199, 355, 26, 170.35
1099, 103, 356, 16, 160.81
1100, 383, 356, 42, 144.26
1101, 805, 356, 78, 155.32
1102, 609, 357, 10, 153.80
1103, 882, 357, 64, 159.84
1104, 1092, 357, 57, 147.32
1105, 141, 358, 30, 154.27
1106, 154, 358, 20, 157.00
1107, 266, 358, 69, 150.33
1108, 422, 358, 80, 148.41
1109, 588, 358, 4, 146.25
1110, 1123, 358, 4, 158.75
1111, 1281, 358, 13, 148.46
1112, 175, 359, 15, 157.33
1113, 1080, 359, 4, 158.00
1114, 918, 360, 10, 178.90
1115, 165, 361, 12, 159.17
1116, 469, 361, 9, 163.78
1117, 759, 361, 29, 159.93
1118, 1136, 361, 33, 166.33
1119, 1275, 362, 60, 143.35
1120, 49, 363, 4, 155.75
1121, 72, 363, 35, 149.31
1122, 790, 363, 17, 156.76
1123, 148, 364, 9, 156.89
1124, 240, 364, 35, 154.37
1125, 341, 364, 15, 161.47
1126, 321, 365, 32, 154.53
1127, 474, 365, 28, 160.29
1128, 535, 365, 31, 147.71
1129, 517, 366, 34, 149.38
1130, 333, 367, 77, 156.06
1131, 606, 367, 40, 151.03
1132, 859, 367, 89, 151.97
1133, 116, 368, 15, 158.00
1134, 166, 368, 23, 156.09
1135, 587, 368, 4, 139.00
1136, 634, 368, 35, 150.94
1137, 818, 368, 10, 170.40
1138, 309, 369, 33, 151.03
1139, 739, 369, 37, 150.30
1140, 882, 369, 96, 153.56
1141, 201, 370, 17, 158.12
1142, 132, 371, 14, 154.36
1143, 277, 371, 85, 149.28
1144, 750, 371, 53, 157.64
1145, 1311, 371, 17, 154.59
1146, 297, 372, 17, 153.24
1147, 507, 372, 25, 158.04
1148, 544, 372, 13, 156.15
1149, 614, 372, 9, 159.33
1150, 622, 372, 43, 156.49
1151, 652, 372, 15, 158.93
1152, 867, 372, 9, 171.44
1153, 1327, 372, 37, 153.92
1154, 87, 373, 10, 147.70
1155, 99, 373, 17, 151.65
1156, 805, 373, 30, 171.77
1157, 126, 374, 28, 156.07
1158, 434, 374, 8, 157.50
1159, 590, 375, 48, 155.58
1160, 777, 375, 17, 158.29
1161, 1203, 375, 4, 156.50
1162, 347, 376, 17, 159.29
1163, 387, 376, 4, 158.25
1164, 407, 376, 28, 159.43
1165, 443, 376, 32, 157.34
1166, 698, 376, 23, 162.87
1167, 191, 377, 15, 157.27
1168, 1282, 377, 36, 146.06
1169, 85, 378, 31, 147.65
1170, 767, 378, 89, 151.20
1171, 259, 380, 66, 151.20
1172, 380, 380, 4, 158.25
1173, 1324, 380, 56, 141.86
1174, 95, 381, 10, 152.50
1175, 618, 381, 34, 155.53
1176, 139, 382, 4, 140.00
1177, 511, 382, 31, 149.06
1178, 1174, 382, 10, 162.70
1179, 796, 383, 23, 162.26
1180, 134, 384, 17, 147.06
1181, 1115, 384, 65, 159.82
1182, 45, 385, 4, 156.00
1183, 519, 385, 34, 142.29
1184, 26, 386, 30, 157.97
1185, 941, 386, 4, 173.00
1186, 1092, 386, 24, 168.12
1187, 1168, 386, 22, 160.09
1188, 374, 387, 20, 157.70
1189, 951, 387, 59, 170.58
1190, 1336, 387, 70, 150.29
1191, 34, 388, 27, 163.07
1192, 403, 388, 36, 152.64
1193, 423, 388, 8, 152.12
1194, 681, 388, 34, 161.88
1195, 800, 388, 10, 170.70
1196, 135, 389, 13, 149.00
1197, 255, 389, 26, 151.65
1198, 568, 389, 45, 151.71
1199, 765, 389, 85, 156.67
1200, 777, 389, 56, 153.14
1201, 335, 390, 10, 160.70
1202, 103, 391, 94, 153.36
1203, 205, 391, 29, 159.21
1204, 1316, 391, 23, 148.00
1205, 143, 392, 32, 146.91
1206, 189, 393, 10, 161.50
1207, 195, 393, 20, 158.45
1208, 832, 393, 15, 166.47
1209, 1095, 393, 13, 163.85
1210, 490, 394, 36, 161.58
1211, 613, 394, 17, 160.53
1212, 839, 394, 60, 158.90
1213, 285, 395, 19, 151.53
1214, 449, 395, 11, 155.45
1215, 657, 395, 26, 155.27
1216, 16, 396, 64, 164.11
1217, 394, 396, 42, 153.33
1218, 82, 397, 19, 151.58
1219, 93, 397, 29, 151.55
1220, 548, 397, 19, 150.21
1221, 940, 397, 22, 165.00
1222, 382, 398, 28, 154.64
1223, 401, 399, 4, 148.00
1224, 405, 399, 18, 153.72
1225, 864, 399, 22, 162.59
1226, 1319, 399, 40, 142.15
1227, 421, 400, 21, 152.81
1228, 791, 400, 27, 160.41
1229, 933, 400, 12, 164.58
1230, 188, 401, 38, 157.37
1231, 240, 401, 95, 133.41
1232, 334, 401, 37, 158.70
1233, 349, 402, 10, 157.90
1234, 589, 402, 36, 154.11
1235, 945, 402, 10, 163.10
1236, 1070, 402, 97, 148.33
1237, 1203, 402, 18, 160.94
1238, 297, 403, 28, 148.54
1239, 481, 403, 53, 148.15
1240, 850, 403, 10, 162.30
1241, 322, 404, 10, 160.30
1242, 680, 404, 9, 152.67
1243, 845, 404, 19, 161.05
1244, 998, 404, 30, 161.70
1245, 1164, 404, 28, 158.43
1246, 108, 405, 19, 152.42
1247, 428, 405, 26, 147.81
1248, 1048, 406, 4, 150.50
1249, 551, 407, 10, 151.50
1250, 436, 408, 67, 134.79
1251, 795, 408, 27, 156.07
1252, 861, 408, 53, 156.81
1253, 496, 409, 17, 160.18
1254, 580, 409, 50, 141.30
1255, 1210, 409, 83, 152.20
1256, 714, 410, 30, 161.50
1257, 1066, 410, 15, 155.20
1258, 1339, 410, 29, 157.62
1259, 206, 411, 10, 158.90
1260, 268, 411, 59, 145.63
1261, 1160, 411, 61, 151.31
1262, 397, 412, 29, 152.10
1263, 561, 412, 42, 138.79
1264, 694, 412, 15, 159.87
1265, 868, 413, 10, 156.50
1266, 1046, 413, 12, 153.33
1267, 108, 414, 51, 146.29
1268, 675, 414, 19, 150.95
1269, 702, 414, 4, 157.00
1270, 1264, 414, 37, 144.73
1271, 132, 415, 31, 142.77
1272, 474, 415, 33, 157.82
1273, 93, 416, 22, 149.00
1274, 204, 416, 15, 159.40
1275, 791, 416, 10, 159.50
1276, 197, 417, 47, 159.66
1277, 609, 417, 4, 148.00
1278, 947, 417, 10, 159.50
1279, 1073, 417, 15, 155.27
1280, 1100, 417, 23, 149.91
1281, 353, 418, 58, 154.76
1282, 42, 419, 4, 153.25
1283, 262, 419, 17, 155.06
1284, 410, 419, 34, 155.24
1285, 753, 419, 26, 163.15
1286, 862, 419, 4, 154.75
1287, 1068, 419, 4, 148.50
1288, 282, 420, 42, 148.79
1289, 891, 420, 4, 153.50
1290, 913, 420, 27, 155.19
1291, 144, 421, 24, 152.92
1292, 309, 421, 4, 149.75
1293, 327, 421, 41, 150.32
1294, 706, 421, 4, 157.75
1295, 1012, 421, 36, 155.72
1296, 492, 422, 10, 158.80
1297, 510, 422, 18, 158.50
1298, 700, 422, 84, 153.80
1299, 770, 422, 19, 163.84
1300, 1022, 422, 47, 149.55
1301, 597, 423, 22, 147.55
1302, 789, 423, 48, 134.04
1303, 230, 424, 4, 156.00
1304, 373, 424, 51, 146.59
1305, 447, 424, 22, 151.23
1306, 613, 424, 20, 151.50
1307, 875, 424, 10, 158.00
1308, 1032, 424, 10, 157.40
1309, 1212, 424, 88, 153.25
1310, 1276, 424, 4, 154.25
1311, 42, 425, 19, 156.63
1312, 270, 425, 4, 150.00
1313, 275, 425, 4, 148.75
1314, 477, 425, 48, 153.67
1315, 952, 425, 17, 160.88
1316, 1138, 425, 13, 148.92
1317, 194, 426, 10, 155.60
1318, 457, 426, 40, 149.25
1319, 586, 426, 42, 143.43
1320, 1105, 426, 10, 165.70
1321, 1268, 427, 44, 156.07
1322, 721, 428, 10, 162.60
1323, 769, 428, 17, 161.76
1324, 1192, 428, 72, 153.65
1325, 407, 429, 10, 153.00
1326, 1028, 429, 20, 158.30
1327, 254, 430, 27, 153.11
1328, 79, 431, 86, 149.53
1329, 287, 431, 22, 156.14
1330, 388, 431, 50, 153.88
1331, 576, 431, 46, 144.96
1332, 807, 431, 20, 157.15
1333, 1050, 431, 56, 153.14
1334, 1187, 431, 81, 159.07
1335, 26, 432, 10, 159.40
1336, 110, 432, 10, 145.20
1337, 363, 432, 19, 156.21
1338, 1035, 432, 4, 154.25
1339, 17, 433, 4, 159.50
1340, 145, 433, 24, 155.92
1341, 204, 433, 19, 157.63
1342, 217, 433, 22, 159.05
1343, 249, 433, 18, 155.22
1344, 466, 433, 90, 149.88
1345, 513, 433, 30, 155.53
1346, 1313, 433, 17, 161.88
1347, 400, 434, 35, 150.77
1348, 794, 434, 47, 158.83
1349, 1103, 434, 45, 154.02
1350, 1330, 434, 40, 156.93
1351, 614, 435, 23, 154.26
1352, 187, 436, 62, 151.42
1353, 657, 436, 4, 143.00
1354, 228, 437, 20, 158.75
1355, 417, 437, 29, 153.76
1356, 506, 437, 4, 151.75
1357, 803, 437, 11, 158.91
1358, 993, 437, 32, 160.72
1359, 1264, 437, 38, 156.53
1360, 668, 438, 4, 143.25
1361, 42, 439, 4, 151.00
1362, 210, 439, 46, 154.91
1363, 289, 439, 22, 152.05
1364, 390, 439, 22, 153.82
1365, 518, 439, 85, 139.44
1366, 1205, 439, 90, 153.79
1367, 1220, 439, 16, 159.62
1368, 158, 440, 23, 154.43
1369, 372, 440, 22, 155.64
1370, 536, 440, 17, 149.18
1371, 644, 440, 63, 138.84
1372, 1315, 440, 96, 157.02
1373, 620, 441, 15, 149.27
1374, 723, 441, 40, 165.38
1375, 323, 442, 27, 147.19
1376, 396, 442, 22, 159.36
1377, 702, 442, 20, 160.45
1378, 1081, 442, 65, 152.60
1379, 1088, 442, 73, 157.34
1380, 81, 443, 37, 138.65
1381, 144, 443, 52, 149.21
1382, 905, 443, 12, 156.33
1383, 1305, 443, 4, 156.25
1384, 116, 444, 24, 149.17
1385, 480, 444, 4, 156.00
1386, 291, 445, 12, 154.42
1387, 512, 445, 28, 158.43
1388, 1333, 445, 4, 159.50
1389, 129, 446, 13, 148.85
1390, 444, 446, 15, 154.33
1391, 464, 446, 99, 140.67
1392, 834, 446, 35, 154.69
1393, 23, 447, 19, 154.63
1394, 697, 447, 24, 157.46
1395, 802, 447, 21, 159.43
1396, 934, 447, 42, 150.52
1397, 186, 448, 17, 153.24
1398, 675, 448, 29, 147.86
1399, 192, 449, 11, 154.82
1400, 375, 449, 4, 147.25
1401, 480, 449, 32, 156.97
1402, 533, 449, 42, 153.98
1403, 1003, 449, 30, 159.30
1404, 1221, 449, 64, 144.98
1405, 176, 450, 15, 153.80
1406, 396, 450, 62, 150.68
1407, 71, 451, 4, 150.75
1408, 606, 451, 24, 147.17
1409, 1166, 451, 28, 156.79
1410, 140, 452, 4, 151.75
1411, 200, 452, 4, 152.75
1412, 430, 452, 15, 152.07
1413, 595, 452, 51, 146.55
1414, 579, 453, 4, 145.75
1415, 638, 453, 45, 140.60
1416, 738, 453, 40, 154.60
1417, 985, 453, 42, 162.81
1418, 494, 454, 22, 159.73
1419, 932, 454, 31, 153.77
1420, 1332, 454, 67, 147.10
1421, 32, 455, 83, 146.18
1422, 63, 455, 23, 153.61
1423, 469, 456, 18, 154.39
1424, 946, 456, 23, 159.35
1425, 1236, 456, 9, 160.67
1426, 4, 457, 4, 162.50
1427, 1093, 457, 34, 155.47
1428, 1317, 457, 52, 158.71
1429, 155, 458, 4, 149.50
1430, 488, 458, 4, 160.50
1431, 774, 458, 14, 161.29
1432, 130, 459, 15, 146.60
1433, 306, 459, 26, 150.65
1434, 891, 459, 32, 155.31
1435, 1066, 459, 77, 160.17
1436, 335, 461, 4, 152.50
1437, 462, 461, 31, 152.16
1438, 491, 461, 55, 156.07
1439, 589, 461, 25, 150.48
1440, 635, 461, 64, 138.72
1441, 1049, 461, 10, 157.40
1442, 1080, 461, 15, 159.93
1443, 181, 462, 27, 152.04
1444, 839, 462, 44, 155.14
1445, 936, 462, 38, 159.95
1446, 316, 463, 4, 153.75
1447, 383, 464, 36, 150.89
1448, 670, 464, 15, 157.60
1449, 977, 464, 8, 167.75
1450, 24, 465, 40, 153.93
1451, 356, 465, 32, 152.72
1452, 424, 465, 4, 143.50
1453, 725, 465, 24, 155.38
1454, 1331, 465, 62, 144.95
1455, 201, 466, 44, 150.82
1456, 430, 466, 13, 153.08
1457, 509, 466, 26, 159.46
1458, 564, 466, 13, 152.46
1459, 69, 467, 12, 151.17
1460, 522, 467, 10, 158.90
1461, 549, 467, 19, 155.79
1462, 762, 467, 34, 157.09
1463, 871, 467, 77, 154.66
1464, 80, 468, 37, 150.22
1465, 448, 468, 90, 151.29
1466, 528, 468, 8, 160.00
1467, 851, 468, 4, 151.75
1468, 116, 469, 16, 147.44
1469, 392, 469, 36, 150.03
1470, 990, 469, 23, 161.70
1471, 1240, 469, 10, 162.40
1472, 223, 470, 82, 151.10
1473, 631, 470, 14, 140.21
1474, 1060, 470, 26, 155.88
1475, 455, 471, 65, 148.51
1476, 488, 471, 11, 159.18
1477, 499, 471, 47, 157.79
1478, 644, 471, 21, 147.00
1479, 1072, 471, 9, 162.00
1480, 1338, 471, 4, 146.75
1481, 74, 472, 13, 151.38
1482, 321, 472, 14, 154.36
1483, 1170, 472, 86, 171.07
1484, 375, 473, 30, 152.37
1485, 515, 473, 4, 158.00
1486, 816, 475, 19, 159.37
1487, 952, 475, 12, 161.67
1488, 1068, 475, 30, 153.23
1489, 1264, 475, 17, 159.18
1490, 125, 476, 22, 144.95
1491, 141, 476, 21, 151.90
1492, 304, 476, 22, 153.14
1493, 480, 476, 10, 158.10
1494, 639, 476, 39, 140.85
1495, 837, 476, 39, 153.72
1496, 1078, 476, 12, 159.00
1497, 133, 477, 10, 147.80
1498, 56, 479, 8, 151.25
1499, 69, 479, 4, 146.75
1500, 98, 479, 25, 140.76
1501, 320, 479, 24, 154.58
1502, 369, 479, 13, 152.77
1503, 394, 479, 30, 149.57
1504, 438, 479, 4, 148.50
1505, 829, 479, 9, 162.44
1506, 939, 479, 35, 157.66
1507, 1333, 479, 15, 151.47
1508, 327, 480, 50, 151.32
1509, 525, 480, 15, 159.60
1510, 653, 480, 37, 150.49
1511, 1045, 480, 19, 155.95
1512, 289, 481, 42, 135.95
1513, 406, 481, 4, 152.25
1514, 584, 481, 42, 151.36
1515, 811, 481, 19, 159.58
1516, 143, 482, 39, 152.23
1517, 158, 482, 10, 153.00
1518, 223, 482, 4, 150.50
1519, 236, 482, 4, 149.25
1520, 473, 482, 4, 146.00
1521, 481, 483, 23, 158.61
1522, 875, 483, 26, 157.73
1523, 883, 483, 21, 158.67
1524, 77, 484, 27, 142.59
1525, 389, 484, 32, 147.72
1526, 440, 485, 4, 138.50
1527, 455, 485, 15, 143.13
1528, 372, 486, 11, 154.09
1529, 866, 486, 51, 156.43
1530, 1027, 486, 47, 155.09
1531, 150, 488, 40, 149.75
1532, 525, 488, 29, 159.21
1533, 100, 489, 24, 146.54
1534, 183, 489, 23, 156.96
1535, 256, 489, 22, 153.36
1536, 396, 489, 18, 154.11
1537, 1065, 489, 48, 147.60
1538, 285, 490, 61, 153.72
1539, 949, 490, 27, 158.37
1540, 1079, 490, 26, 149.96
1541, 1296, 490, 46, 156.28
1542, 444, 491, 24, 145.29
1543, 535, 491, 4, 157.50
1544, 547, 491, 38, 159.50
1545, 58, 492, 4, 148.75
1546, 430, 492, 10, 150.70
1547, 738, 492, 13, 159.23
1548, 157, 493, 68, 152.51
1549, 321, 493, 60, 155.30
1550, 332, 493, 15, 156.47
1551, 198, 494, 13, 156.23
1552, 724, 494, 41, 161.10
1553, 876, 494, 22, 154.91
1554, 75, 495, 39, 143.46
1555, 845, 495, 39, 153.10
1556, 1149, 495, 4, 159.50
1557, 12, 496, 10, 157.50
1558, 97, 496, 37, 145.92
1559, 654, 496, 10, 151.40
1560, 308, 497, 59, 141.03
1561, 742, 497, 58, 155.60
1562, 1075, 497, 4, 150.00
1563, 1263, 497, 56, 157.57
1564, 1303, 497, 42, 156.02
1565, 115, 498, 28, 146.75
1566, 293, 498, 17, 158.94
1567, 1312, 498, 4, 151.75
1568, 192, 499, 31, 151.90
1569, 391, 499, 9, 152.00
1570, 528, 499, 66, 155.12
1571, 711, 499, 63, 156.54
1572, 764, 499, 82, 147.44
1573, 1003, 499, 45, 154.22
1574, 51, 500, 34, 145.24
1575, 229, 500, 31, 141.55
1576, 384, 500, 20, 150.25
1577, 542, 500, 9, 162.44
1578, 453, 502, 4, 144.75
1579, 958, 502, 38, 159.13
1580, 129, 503, 30, 151.07
1581, 339, 503, 66, 130.24
1582, 354, 503, 98, 151.14
1583, 497, 503, 21, 156.90
1584, 1070, 503, 24, 155.46
1585, 1270, 503, 39, 142.51
1586, 293, 504, 4, 153.75
1587, 398, 504, 36, 148.94
1588, 1140, 504, 12, 168.58
1589, 179, 505, 41, 148.17
1590, 308, 505, 13, 159.00
1591, 839, 505, 45, 155.93
1592, 106, 506, 4, 139.50
1593, 1042, 506, 13, 166.23
1594, 18, 507, 4, 147.00
1595, 248, 507, 4, 149.00
1596, 427, 507, 71, 146.90
1597, 544, 507, 34, 163.65
1598, 621, 507, 22, 147.27
1599, 824, 507, 53, 161.06
1600, 986, 507, 25, 159.68
1601, 169, 508, 76, 145.91
1602, 320, 508, 61, 155.57
1603, 133, 509, 10, 154.10
1604, 372, 509, 4, 152.75
1605, 1094, 509, 37, 159.68
1606, 43, 510, 10, 153.80
1607, 98, 510, 4, 145.25
1608, 486, 510, 15, 152.13
1609, 649, 510, 4, 154.50
1610, 703, 510, 14, 170.29
1611, 411, 511, 20, 151.95
1612, 204, 512, 12, 154.00
1613, 312, 512, 20, 152.30
1614, 337, 513, 4, 154.00
1615, 417, 513, 41, 150.07
1616, 724, 513, 21, 157.19
1617, 832, 513, 42, 154.81
1618, 997, 513, 4, 147.50
1619, 1017, 513, 46, 155.52
1620, 52, 514, 20, 152.85
1621, 756, 514, 12, 154.67
1622, 853, 514, 69, 153.45
1623, 1198, 514, 4, 163.50
1624, 90, 515, 21, 147.24
1625, 676, 515, 52, 146.73
1626, 862, 515, 45, 151.00
1627, 951, 515, 98, 148.59
1628, 1320, 515, 17, 160.71
1629, 83, 516, 36, 146.94
1630, 403, 516, 15, 152.20
1631, 1064, 516, 15, 156.13
1632, 233, 517, 21, 154.29
1633, 669, 517, 4, 157.50
1634, 153, 518, 13, 160.08
1635, 433, 518, 43, 151.60
1636, 96, 519, 27, 143.78
1637, 522, 519, 30, 152.63
1638, 55, 520, 73, 150.21
1639, 325, 520, 22, 157.00
1640, 496, 520, 4, 148.50
1641, 661, 520, 76, 158.05
1642, 703, 520, 30, 157.50
1643, 187, 521, 29, 157.00
1644, 454, 521, 10, 155.90
1645, 756, 521, 27, 153.26
1646, 938, 522, 63, 150.40
1647, 982, 522, 12, 162.42
1648, 412, 523, 23, 156.09
1649, 1016, 523, 10, 153.30
1650, 31, 524, 24, 154.04
1651, 862, 524, 20, 154.95
1652, 41, 525, 43, 146.02
1653, 601, 525, 22, 158.18
1654, 991, 525, 32, 153.22
1655, 449, 526, 4, 152.00
1656, 1066, 526, 8, 162.62
1657, 227, 527, 23, 156.78
1658, 1055, 527, 4, 150.00
1659, 436, 528, 4, 152.25
1660, 946, 528, 21, 153.19
1661, 49, 529, 22, 153.64
1662, 328, 529, 4, 157.75
1663, 495, 529, 82, 146.01
1664, 781, 529, 29, 157.55
1665, 1218, 529, 25, 153.32
1666, 1337, 529, 37, 155.43
1667, 195, 530, 4, 154.25
1668, 527, 530, 32, 157.38
1669, 29, 531, 30, 153.83
1670, 140, 531, 4, 157.00
1671, 201, 531, 24, 155.54
1672, 685, 531, 18, 169.28
1673, 740, 531, 19, 159.47
1674, 847, 531, 15, 156.27
1675, 1058, 531, 20, 160.95
1676, 149, 533, 4, 152.00
1677, 188, 533, 22, 156.23
1678, 418, 533, 20, 150.50
1679, 956, 533, 48, 153.75
1680, 169, 534, 4, 148.25
1681, 259, 534, 10, 163.70
1682, 696, 534, 30, 159.43
1683, 787, 534, 10, 156.30
1684, 1230, 534, 46, 139.46
1685, 816, 535, 15, 155.33
1686, 941, 535, 95, 144.40
1687, 534, 536, 20, 158.45
1688, 1176, 536, 27, 153.37
1689, 1204, 536, 30, 152.67
1690, 254, 537, 35, 160.00
1691, 390, 537, 69, 154.42
1692, 1013, 537, 10, 147.40
1693, 153, 538, 15, 152.13
1694, 503, 538, 13, 146.15
1695, 771, 538, 20, 150.20
1696, 862, 538, 27, 144.63
1697, 571, 539, 4, 160.50
1698, 618, 539, 10, 157.50
1699, 648, 539, 81, 152.27
1700, 660, 539, 4, 162.00
1701, 1123, 539, 41, 163.59
1702, 56, 540, 37, 149.70
1703, 203, 540, 8, 155.25
1704, 245, 540, 31, 155.81
1705, 303, 540, 4, 143.75
1706, 545, 540, 35, 149.49
1707, 602, 540, 40, 158.30
1708, 732, 540, 12, 162.67
1709, 1089, 540, 23, 165.91
1710, 523, 541, 67, 144.45
1711, 192, 542, 24, 152.88
1712, 280, 542, 11, 159.91
1713, 817, 542, 41, 139.39
1714, 1017, 542, 20, 143.00
1715, 306, 543, 51, 134.98
1716, 889, 543, 4, 149.75
1717, 915, 543, 15, 157.87
1718, 1145, 543, 16, 170.94
1719, 1171, 543, 57, 144.40
1720, 1274, 543, 12, 153.33
1721, 765, 544, 25, 149.80
1722, 850, 544, 4, 138.00
1723, 1096, 544, 84, 164.39
1724, 786, 545, 40, 147.62
1725, 1080, 545, 92, 159.33
1726, 1221, 545, 10, 150.00
1727, 92, 546, 41, 152.88
1728, 235, 546, 27, 156.22
1729, 320, 546, 13, 146.54
1730, 617, 546, 10, 156.40
1731, 326, 547, 17, 150.47
1732, 535, 547, 21, 162.10
1733, 824, 547, 14, 155.64
1734, 1164, 547, 18, 161.39
1735, 173, 548, 51, 142.96
1736, 886, 548, 17, 153.88
1737, 949, 548, 36, 161.81
1738, 164, 549, 79, 141.22
1739, 567, 549, 4, 155.00
1740, 675, 549, 51, 158.69
1741, 122, 550, 23, 157.00
1742, 242, 550, 24, 155.92
1743, 561, 551, 22, 158.41
1744, 689, 551, 9, 168.44
1745, 852, 552, 57, 147.30
1746, 991, 552, 35, 141.49
1747, 1229, 552, 23, 152.87
1748, 467, 553, 15, 155.93
1749, 552, 553, 96, 160.81
1750, 649, 553, 18, 156.67
1751, 896, 553, 10, 159.10
1752, 1032, 553, 13, 156.08
1753, 1167, 553, 34, 153.18
1754, 1180, 553, 12, 146.00
1755, 533, 554, 59, 152.93
1756, 311, 555, 27, 145.96
1757, 211, 556, 4, 151.50
1758, 1099, 556, 29, 168.34
1759, 692, 557, 53, 153.45
1760, 840, 557, 34, 144.50
1761, 959, 557, 4, 144.25
1762, 1091, 557, 30, 163.90
1763, 217, 558, 4, 151.00
1764, 369, 558, 58, 149.36
1765, 386, 559, 38, 152.39
1766, 562, 559, 29, 157.21
1767, 782, 559, 67, 145.31
1768, 78, 560, 21, 154.86
1769, 540, 560, 20, 160.70
1770, 946, 560, 27, 153.22
1771, 1233, 560, 20, 156.80
1772, 252, 561, 11, 162.09
1773, 307, 561, 42, 147.07
1774, 592, 561, 9, 160.11
1775, 1007, 561, 4, 145.25
1776, 10, 562, 32, 154.88
1777, 399, 562, 15, 153.87
1778, 616, 562, 13, 156.92
1779, 1248, 562, 9, 156.78
1780, 324, 564, 9, 148.33
1781, 466, 564, 14, 151.57
1782, 699, 564, 4, 167.25
1783, 992, 564, 25, 147.24
1784, 404, 565, 4, 146.25
1785, 779, 565, 31, 152.52
1786, 184, 566, 52, 151.33
1787, 681, 566, 63, 159.52
1788, 977, 566, 4, 145.00
1789, 984, 566, 4, 142.50
1790, 1035, 566, 25, 154.92
1791, 1224, 566, 89, 148.19
1792, 27, 567, 47, 153.89
1793, 111, 567, 4, 157.00
1794, 389, 567, 33, 148.85
1795, 607, 567, 39, 153.44
1796, 999, 567, 13, 147.15
1797, 1008, 567, 46, 143.67
1798, 1024, 567, 4, 144.00
1799, 1030, 567, 4, 145.75
1800, 743, 568, 71, 143.13
1801, 962, 568, 15, 144.27
1802, 261, 569, 10, 158.70
1803, 327, 569, 58, 138.78
1804, 597, 569, 96, 155.44
1805, 847, 569, 48, 151.08
1806, 888, 569, 45, 153.33
1807, 832, 570, 96, 147.50
1808, 861, 570, 40, 153.50
1809, 193, 571, 32, 153.22
1810, 791, 571, 46, 143.48
1811, 1017, 571, 53, 139.87
1812, 1175, 571, 23, 159.70
1813, 120, 572, 13, 158.38
1814, 179, 572, 4, 150.50
1815, 378, 572, 20, 151.05
1816, 771, 572, 42, 155.05
1817, 1049, 572, 64, 154.03
1818, 1072, 572, 44, 142.45
1819, 419, 573, 32, 151.75
1820, 74, 574, 66, 145.27
1821, 302, 574, 17, 146.41
1822, 944, 574, 19, 148.58
1823, 977, 574, 19, 146.16
1824, 50, 575, 31, 147.94
1825, 103, 575, 4, 153.50
1826, 586, 575, 12, 157.33
1827, 964, 575, 82, 144.07
1828, 84, 576, 63, 155.21
1829, 254, 576, 27, 159.41
1830, 389, 576, 41, 154.34
1831, 611, 576, 8, 160.50
1832, 786, 576, 29, 147.76
1833, 1194, 576, 4, 150.00
1834, 617, 577, 4, 158.75
1835, 737, 577, 52, 142.37
1836, 335, 578, 17, 144.41
1837, 555, 578, 19, 162.32
1838, 951, 578, 4, 142.00
1839, 110, 579, 68, 153.00
1840, 532, 579, 31, 158.48
1841, 623, 579, 25, 156.32
1842, 824, 579, 14, 151.50
1843, 901, 579, 4, 155.25
1844, 905, 579, 4, 151.75
1845, 778, 580, 64, 139.00
1846, 799, 580, 32, 142.88
1847, 1052, 580, 46, 145.13
1848, 179, 581, 44, 147.75
1849, 884, 581, 19, 156.16
1850, 1028, 581, 9, 152.78
1851, 1035, 581, 26, 144.27
1852, 327, 582, 4, 141.00
1853, 914, 582, 22, 152.55
1854, 464, 583, 13, 154.62
1855, 668, 583, 21, 155.62
1856, 890, 583, 4, 155.50
1857, 1103, 583, 43, 170.67
1858, 211, 584, 37, 152.00
1859, 403, 584, 65, 153.12
1860, 507, 584, 30, 151.90
1861, 807, 584, 20, 151.30
1862, 1074, 584, 4, 142.75
1863, 1224, 584, 15, 150.27
1864, 1335, 585, 4, 183.25
1865, 1340, 585, 16, 186.56
1866, 52, 586, 65, 146.52
1867, 390, 586, 13, 152.92
1868, 354, 587, 35, 150.34
1869, 529, 587, 10, 161.90
1870, 632, 587, 20, 153.55
1871, 790, 587, 57, 152.09
1872, 813, 587, 97, 136.61
1873, 822, 587, 4, 140.50
1874, 890, 587, 49, 153.57
1875, 88, 589, 15, 155.73
1876, 693, 589, 15, 159.13
1877, 729, 589, 26, 149.81
1878, 605, 590, 65, 143.15
1879, 129, 591, 4, 154.00
1880, 392, 591, 35, 154.14
1881, 966, 591, 22, 144.77
1882, 10, 593, 4, 163.00
1883, 330, 593, 4, 150.50
1884, 479, 593, 9, 158.89
1885, 638, 593, 23, 153.78
1886, 1007, 593, 11, 151.91
1887, 1023, 593, 54, 144.74
1888, 630, 594, 10, 151.30
1889, 1000, 594, 27, 148.07
1890, 1101, 594, 21, 161.24
1891, 1158, 594, 53, 149.42
1892, 84, 595, 15, 154.00
1893, 354, 595, 41, 148.73
1894, 44, 596, 34, 154.06
1895, 408, 596, 23, 156.39
1896, 440, 596, 21, 160.14
1897, 100, 597, 13, 150.54
1898, 279, 597, 20, 151.25
1899, 846, 597, 23, 154.43
1900, 1014, 597, 63, 129.03
1901, 974, 598, 17, 146.71
1902, 540, 599, 4, 161.00
1903, 1246, 599, 15, 152.60
1904, 286, 600, 78, 153.05
1905, 390, 600, 13, 158.46
1906, 1131, 600, 4, 158.25
1907, 1141, 600, 49, 156.20
1908, 48, 601, 22, 153.91
1909, 226, 601, 10, 155.40
1910, 68, 602, 29, 143.52
1911, 103, 602, 28, 146.29
1912, 303, 602, 10, 159.20
1913, 373, 602, 22, 154.18
1914, 447, 602, 44, 159.30
1915, 493, 602, 23, 157.48
1916, 651, 602, 12, 149.08
1917, 711, 602, 20, 150.85
1918, 796, 602, 25, 156.12
1919, 829, 602, 67, 141.84
1920, 15, 603, 36, 165.31
1921, 401, 603, 13, 156.85
1922, 536, 603, 12, 160.00
1923, 617, 603, 32, 144.84
1924, 38, 604, 71, 146.89
1925, 623, 604, 15, 144.60
1926, 789, 604, 17, 161.06
1927, 1128, 605, 40, 166.55
1928, 173, 606, 38, 152.24
1929, 379, 606, 10, 153.00
1930, 639, 606, 30, 146.90
1931, 704, 607, 56, 152.77
1932, 1189, 607, 12, 164.17
1933, 166, 608, 26, 157.88
1934, 215, 608, 78, 149.99
1935, 570, 608, 53, 145.79
1936, 91, 609, 78, 149.01
1937, 278, 609, 97, 155.77
1938, 79, 611, 13, 155.23
1939, 397, 611, 33, 154.85
1940, 655, 611, 74, 151.54
1941, 959, 611, 12, 139.17
1942, 1327, 611, 4, 182.50
1943, 70, 613, 15, 153.40
1944, 269, 613, 4, 150.25
1945, 630, 613, 15, 144.87
1946, 773, 613, 33, 151.97
1947, 1058, 613, 67, 157.36
1948, 1194, 613, 4, 159.00
1949, 31, 614, 47, 154.89
1950, 49, 614, 17, 152.24
1951, 313, 614, 17, 160.59
1952, 483, 614, 6, 158.33
1953, 820, 614, 48, 148.12
1954, 1230, 614, 14, 152.93
1955, 64, 615, 24, 150.21
1956, 97, 615, 10, 156.30
1957, 564, 615, 11, 155.55
1958, 1204, 615, 95, 150.99
1959, 14, 616, 24, 165.46
1960, 861, 616, 4, 153.25
1961, 1128, 616, 44, 151.55
1962, 141, 617, 48, 150.19
1963, 534, 617, 89, 158.71
1964, 670, 617, 4, 147.00
1965, 1075, 617, 65, 132.35
1966, 665, 618, 28, 147.25
1967, 826, 618, 10, 153.40
1968, 70, 619, 4, 150.75
1969, 92, 619, 32, 150.72
1970, 173, 619, 12, 161.58
1971, 190, 619, 4, 149.50
1972, 368, 619, 10, 156.80
1973, 394, 619, 95, 155.31
1974, 702, 619, 13, 156.85
1975, 735, 619, 26, 149.27
1976, 296, 620, 57, 157.40
1977, 979, 620, 12, 149.25
1978, 1193, 620, 45, 145.78
1979, 1222, 620, 31, 146.06
1980, 1264, 620, 65, 152.26
1981, 221, 621, 23, 152.17
1982, 346, 621, 20, 159.60
1983, 420, 621, 4, 155.50
1984, 447, 621, 12, 159.92
1985, 1114, 621, 82, 154.02
1986, 1155, 621, 28, 157.32
1987, 101, 622, 67, 139.91
1988, 265, 622, 22, 149.55
1989, 409, 622, 4, 156.50
1990, 440, 622, 24, 158.17
1991, 1319, 622, 12, 186.83
1992, 302, 623, 23, 158.35
1993, 574, 623, 4, 142.50
1994, 956, 623, 83, 146.43
1995, 1062, 623, 71, 144.96
1996, 24, 624, 4, 165.75
1997, 233, 624, 34, 158.38
1998, 248, 624, 4, 158.75
1999, 491, 624, 14, 155.43
2000, 654, 624, 4, 146.75
2001, 976, 624, 30, 146.90
2002, 1217, 625, 50, 150.16
2003, 173, 626, 13, 151.69
2004, 184, 626, 28, 156.96
2005, 207, 626, 11, 154.73
2006, 410, 626, 59, 156.63
2007, 1096, 626, 12, 158.58
2008, 392, 627, 59, 155.15
2009, 662, 627, 4, 148.75
2010, 764, 627, 23, 153.57
2011, 1323, 627, 35, 179.09
2012, 49, 628, 23, 156.78
2013, 151, 628, 13, 158.23
2014, 370, 628, 10, 155.80
2015, 1243, 628, 46, 148.04
2016, 1277, 628, 91, 151.78
2017, 90, 629, 10, 152.00
2018, 609, 629, 23, 132.30
2019, 614, 629, 10, 132.00
2020, 1086, 629, 4, 147.75
2021, 377, 630, 18, 159.06
2022, 484, 630, 27, 154.26
2023, 1002, 630, 4, 140.50
2024, 1122, 630, 36, 160.22
2025, 134, 631, 27, 147.07
2026, 353, 631, 12, 158.33
2027, 927, 631, 67, 157.03
2028, 1060, 631, 28, 150.96
2029, 1250, 631, 12, 152.67
2030, 214, 632, 32, 149.19
2031, 1201, 632, 41, 161.46
2032, 100, 633, 14, 146.29
2033, 441, 634, 9, 157.22
2034, 848, 634, 10, 160.60
2035, 1220, 634, 23, 155.70
2036, 10, 635, 28, 164.86
2037, 83, 635, 10, 151.10
2038, 343, 635, 90, 150.53
2039, 611, 635, 10, 126.90
2040, 149, 636, 10, 156.70
2041, 94, 637, 34, 138.82
2042, 541, 637, 38, 153.05
2043, 604, 637, 15, 129.13
2044, 804, 638, 19, 159.16
2045, 969, 638, 44, 147.45
2046, 249, 639, 10, 159.70
2047, 405, 639, 19, 159.74
2048, 812, 639, 4, 154.75
2049, 999, 639, 15, 155.80
2050, 1144, 639, 14, 168.00
2051, 192, 640, 29, 150.45
2052, 292, 640, 94, 145.90
2053, 1213, 640, 4, 150.50
2054, 144, 641, 50, 144.22
2055, 158, 641, 4, 155.75
2056, 313, 641, 15, 160.20
2057, 1098, 641, 4, 155.25
2058, 234, 642, 17, 161.24
2059, 1150, 642, 10, 169.10
2060, 707, 643, 4, 159.25
2061, 922, 643, 72, 151.97
2062, 97, 644, 100, 142.09
2063, 245, 644, 43, 158.56
2064, 602, 644, 4, 125.25
2065, 725, 644, 15, 162.60
2066, 1093, 644, 4, 153.00
2067, 1245, 644, 4, 152.75
2068, 65, 645, 52, 156.02
2069, 637, 645, 15, 142.67
2070, 301, 647, 29, 157.24
2071, 664, 647, 30, 143.13
2072, 967, 647, 10, 174.30
2073, 359, 648, 26, 158.85
2074, 512, 648, 19, 154.74
2075, 1214, 648, 56, 151.95
2076, 188, 649, 4, 155.00
2077, 333, 649, 8, 156.62
2078, 227, 650, 4, 151.75
2079, 231, 650, 4, 150.00
2080, 323, 650, 9, 161.00
2081, 597, 650, 29, 128.24
2082, 831, 650, 20, 153.70
2083, 8, 651, 69, 155.28
2084, 34, 651, 13, 159.92
2085, 139, 651, 15, 152.67
2086, 938, 651, 64, 157.22
2087, 216, 652, 30, 147.63
2088, 731, 652, 71, 151.54
2089, 21, 654, 16, 153.62
2090, 610, 655, 21, 130.19
2091, 657, 655, 13, 146.31
2092, 800, 655, 9, 154.78
2093, 836, 655, 20, 150.75
2094, 1176, 655, 10, 166.20
2095, 150, 656, 6, 157.33
2096, 790, 656, 12, 153.83
2097, 846, 656, 44, 151.23
2098, 1112, 656, 24, 158.38
2099, 138, 657, 4, 148.50
2100, 192, 657, 28, 157.39
2101, 319, 657, 10, 156.00
2102, 344, 657, 10, 158.70
2103, 560, 657, 34, 146.88
2104, 892, 657, 38, 154.34
2105, 1002, 657, 29, 152.83
2106, 1169, 657, 29, 158.52
2107, 453, 658, 13, 162.31
2108, 598, 658, 12, 130.58
2109, 690, 658, 25, 160.00
2110, 943, 659, 18, 164.00
2111, 1257, 659, 10, 158.90
2112, 165, 660, 39, 154.21
2113, 660, 661, 19, 154.26
2114, 701, 663, 24, 168.88
2115, 784, 663, 15, 152.93
2116, 1013, 663, 12, 157.25
2117, 1042, 663, 28, 140.07
2118, 322, 664, 17, 158.94
2119, 145, 665, 34, 151.53
2120, 156, 666, 19, 160.16
2121, 188, 666, 61, 150.00
2122, 372, 666, 19, 156.68
2123, 389, 666, 13, 162.54
2124, 610, 666, 52, 129.92
2125, 941, 666, 33, 166.03
2126, 47, 667, 10, 153.30
2127, 5, 668, 10, 155.40
2128, 42, 668, 4, 149.50
2129, 172, 668, 20, 160.50
2130, 731, 668, 49, 159.33
2131, 241, 669, 39, 148.74
2132, 1132, 669, 21, 153.62
2133, 1262, 669, 4, 147.50
2134, 28, 670, 15, 152.60
2135, 149, 670, 14, 154.93
2136, 275, 670, 83, 147.33
2137, 620, 670, 44, 130.36
2138, 666, 670, 4, 156.00
2139, 290, 671, 10, 153.90
2140, 400, 671, 13, 160.08
2141, 231, 672, 4, 148.25
2142, 255, 672, 17, 151.59
2143, 570, 672, 10, 139.50
2144, 517, 673, 19, 153.53
2145, 49, 674, 33, 152.03
2146, 405, 674, 8, 161.62
2147, 1117, 674, 4, 144.50
2148, 4, 675, 14, 156.57
2149, 714, 675, 45, 153.87
2150, 946, 675, 4, 154.50
2151, 168, 676, 4, 158.50
2152, 371, 676, 15, 154.80
2153, 606, 676, 8, 137.88
2154, 1000, 676, 49, 158.47
2155, 125, 677, 20, 148.80
2156, 895, 677, 61, 151.00
2157, 978, 677, 4, 165.75
2158, 1123, 677, 35, 143.34
2159, 109, 678, 17, 157.65
2160, 156, 678, 46, 157.76
2161, 943, 678, 47, 157.47
2162, 1034, 678, 28, 151.82
2163, 20, 679, 28, 161.11
2164, 281, 679, 40, 157.28
2165, 308, 679, 22, 159.00
2166, 250, 680, 35, 144.66
2167, 413, 680, 52, 161.13
2168, 722, 680, 11, 163.00
2169, 59, 681, 47, 155.89
2170, 778, 681, 27, 145.67
2171, 1092, 681, 10, 157.60
2172, 864, 682, 12, 155.75
2173, 1114, 682, 41, 152.41
2174, 474, 683, 12, 179.25
2175, 262, 684, 89, 149.93
2176, 567, 684, 33, 144.30
2177, 704, 684, 88, 147.72
2178, 1024, 684, 12, 149.33
2179, 1215, 684, 4, 155.50
2180, 1265, 684, 31, 157.39
2181, 304, 685, 25, 157.04
2182, 327, 685, 10, 156.00
2183, 276, 686, 66, 146.00
2184, 725, 686, 28, 163.64
2185, 880, 686, 82, 152.84
2186, 1006, 686, 35, 156.60
2187, 542, 687, 64, 148.00
2188, 590, 687, 4, 149.00
2189, 932, 687, 10, 166.30
2190, 162, 689, 28, 152.11
2191, 580, 689, 37, 144.62
2192, 943, 689, 17, 163.29
2193, 22, 690, 9, 158.56
2194, 54, 690, 11, 154.36
2195, 97, 690, 55, 152.98
2196, 609, 690, 10, 152.60
2197, 828, 690, 29, 143.38
2198, 298, 691, 35, 156.69
2199, 328, 691, 44, 136.41
2200, 675, 691, 47, 159.04
2201, 797, 691, 24, 138.62
2202, 1140, 691, 19, 158.05
2203, 61, 692, 12, 156.58
2204, 569, 692, 30, 146.50
2205, 693, 692, 4, 158.75
2206, 717, 692, 12, 161.67
2207, 1106, 692, 28, 156.36
2208, 527, 693, 77, 147.40
2209, 1033, 693, 15, 152.53
2210, 397, 694, 100, 153.67
2211, 316, 695, 15, 151.27
2212, 748, 696, 56, 144.79
2213, 1113, 696, 4, 146.50
2214, 68, 697, 72, 148.08
2215, 721, 697, 4, 155.50
2216, 981, 697, 16, 166.25
2217, 729, 698, 77, 150.82
2218, 826, 698, 11, 148.36
2219, 891, 698, 10, 161.20
2220, 1271, 698, 38, 163.63
2221, 159, 699, 17, 158.41
2222, 257, 699, 15, 151.13
2223, 594, 699, 58, 150.50
2224, 735, 699, 23, 156.57
2225, 788, 699, 10, 142.30
2226, 276, 700, 40, 154.88
2227, 327, 700, 35, 148.23
2228, 1223, 700, 4, 145.50
2229, 78, 701, 59, 148.80
2230, 187, 701, 20, 159.20
2231, 233, 701, 26, 152.19
2232, 1292, 701, 16, 160.94
2233, 1333, 701, 49, 142.41
2234, 351, 702, 13, 145.31
2235, 674, 702, 15, 163.47
2236, 810, 702, 81, 137.31
2237, 112, 703, 4, 154.00
2238, 1042, 703, 59, 131.15
2239, 1285, 703, 9, 161.89
2240, 1324, 703, 24, 158.54
2241, 997, 704, 15, 162.53
2242, 135, 705, 13, 161.00
2243, 162, 705, 22, 161.73
2244, 295, 705, 12, 157.58
2245, 560, 705, 11, 154.73
2246, 964, 705, 27, 162.89
2247, 1126, 705, 70, 158.20
2248, 665, 706, 26, 159.54
2249, 715, 706, 37, 156.68
2250, 895, 706, 4, 157.75
2251, 1051, 706, 10, 157.60
2252, 733, 707, 26, 154.88
2253, 825, 707, 39, 151.08
2254, 525, 708, 26, 162.00
2255, 689, 708, 82, 154.23
2256, 939, 708, 77, 156.65
2257, 237, 709, 4, 149.50
2258, 626, 709, 4, 159.25
2259, 107, 710, 47, 153.32
2260, 349, 710, 4, 139.50
2261, 678, 710, 10, 161.20
2262, 747, 710, 36, 152.89
2263, 857, 710, 38, 165.16
2264, 1245, 710, 10, 158.70
2265, 258, 711, 4, 154.50
2266, 804, 711, 18, 143.00
2267, 909, 711, 48, 153.21
2268, 513, 712, 19, 164.84
2269, 1110, 712, 23, 157.70
2270, 1227, 712, 4, 147.75
2271, 1273, 712, 17, 160.65
2272, 246, 713, 19, 151.84
2273, 322, 713, 53, 149.02
2274, 647, 713, 24, 159.50
2275, 887, 713, 53, 160.49
2276, 1189, 713, 21, 157.86
2277, 357, 714, 12, 150.67
2278, 592, 714, 4, 158.75
2279, 278, 715, 19, 156.42
2280, 412, 715, 4, 146.00
2281, 710, 715, 4, 157.00
2282, 950, 716, 30, 159.50
2283, 1257, 716, 10, 156.80
2284, 535, 717, 4, 158.00
2285, 347, 718, 10, 147.60
2286, 353, 718, 34, 151.50
2287, 520, 718, 33, 161.39
2288, 580, 718, 41, 161.71
2289, 1195, 718, 12, 160.42
2290, 161, 719, 37, 160.70
2291, 238, 719, 4, 151.00
2292, 267, 719, 15, 154.33
2293, 170, 720, 23, 158.22
2294, 594, 720, 28, 150.86
2295, 974, 720, 15, 161.53
2296, 328, 721, 19, 149.21
2297, 749, 721, 25, 157.32
2298, 139, 722, 75, 157.19
2299, 527, 722, 10, 161.80
2300, 702, 722, 43, 157.19
2301, 313, 723, 81, 148.72
2302, 1089, 723, 9, 161.11
2303, 1254, 723, 23, 158.74
2304, 859, 724, 28, 150.96
2305, 37, 725, 52, 152.38
2306, 153, 725, 4, 163.00
2307, 633, 725, 10, 159.50
2308, 723, 725, 55, 157.07
2309, 756, 725, 4, 151.00
2310, 866, 725, 4, 162.50
2311, 673, 726, 72, 152.46
2312, 954, 726, 26, 159.65
2313, 983, 726, 59, 160.22
2314, 117, 727, 36, 154.31
2315, 1088, 727, 13, 158.23
2316, 489, 728, 26, 165.27
2317, 522, 728, 8, 170.00
2318, 853, 728, 4, 160.25
2319, 927, 728, 15, 161.53
2320, 266, 729, 16, 155.88
2321, 410, 729, 15, 152.93
2322, 506, 729, 15, 161.53
2323, 591, 729, 17, 163.00
2324, 742, 729, 27, 157.33
2325, 1105, 729, 4, 156.50
2326, 574, 730, 10, 166.80
2327, 751, 730, 24, 153.79
2328, 999, 730, 51, 172.71
2329, 1012, 730, 23, 160.04
2330, 1319, 730, 4, 157.00
2331, 127, 731, 63, 160.70
2332, 205, 731, 22, 158.41
2333, 1150, 731, 24, 158.08
2334, 1287, 731, 29, 161.07
2335, 844, 732, 31, 162.00
2336, 59, 733, 27, 145.78
2337, 921, 733, 20, 160.65
2338, 1067, 733, 32, 149.50
2339, 1235, 733, 33, 157.58
2340, 48, 734, 9, 150.67
2341, 440, 734, 19, 158.84
2342, 735, 734, 4, 151.75
2343, 338, 735, 36, 146.58
2344, 636, 735, 32, 161.66
2345, 180, 736, 17, 165.35
2346, 213, 736, 52, 151.67
2347, 1325, 736, 36, 149.81
2348, 250, 737, 36, 152.53
2349, 268, 737, 21, 155.86
2350, 1256, 737, 27, 160.56
2351, 99, 739, 100, 148.99
2352, 146, 739, 87, 161.72
2353, 699, 739, 10, 156.60
2354, 802, 739, 29, 151.93
2355, 1008, 739, 15, 162.13
2356, 1243, 739, 62, 156.66
2357, 19, 740, 29, 159.00
2358, 481, 740, 4, 163.00
2359, 489, 740, 39, 163.38
2360, 711, 740, 95, 153.33
2361, 958, 740, 29, 168.17
2362, 273, 741, 18, 157.44
2363, 349, 741, 41, 144.44
2364, 640, 741, 78, 156.83
2365, 856, 741, 10, 157.80
2366, 1052, 741, 17, 158.53
2367, 1340, 741, 9, 161.44
2368, 310, 742, 4, 152.75
2369, 324, 742, 32, 148.34
2370, 661, 742, 10, 156.80
2371, 1078, 742, 15, 155.93
2372, 1228, 742, 77, 161.53
2373, 513, 744, 4, 163.25
2374, 674, 744, 72, 139.58
2375, 705, 744, 19, 155.84
2376, 845, 744, 63, 155.14
2377, 1074, 744, 4, 153.00
2378, 813, 745, 73, 149.11
2379, 1262, 745, 13, 162.08
2380, 698, 746, 15, 159.60
2381, 113, 747, 37, 152.43
2382, 317, 747, 10, 153.30
2383, 588, 747, 13, 161.15
2384, 1115, 747, 78, 151.10
2385, 1245, 747, 28, 160.07
2386, 1087, 748, 17, 158.24
2387, 1292, 748, 20, 158.85
2388, 64, 749, 27, 147.15
2389, 507, 749, 69, 156.19
2390, 962, 749, 30, 168.63
2391, 28, 750, 46, 156.65
2392, 125, 750, 41, 157.44
2393, 272, 750, 92, 151.03
2394, 528, 750, 21, 161.29
2395, 333, 751, 13, 152.54
2396, 620, 751, 16, 160.19
2397, 1008, 751, 30, 164.87
2398, 1278, 751, 95, 150.99
2399, 316, 752, 8, 157.62
2400, 323, 752, 22, 155.82
2401, 854, 752, 15, 160.53
2402, 1241, 752, 35, 164.40
2403, 1259, 752, 17, 162.94
2404, 1338, 752, 35, 160.26
2405, 143, 753, 4, 161.50
2406, 151, 753, 39, 158.56
2407, 632, 753, 12, 161.92
2408, 662, 753, 47, 150.87
2409, 837, 753, 42, 162.60
2410, 1208, 753, 18, 157.72
2411, 242, 754, 81, 145.89
2412, 296, 754, 22, 161.64
2413, 343, 754, 9, 150.44
2414, 924, 754, 70, 148.26
2415, 112, 755, 26, 163.46
2416, 134, 755, 4, 157.75
2417, 708, 755, 21, 159.24
2418, 1314, 755, 22, 160.09
2419, 103, 756, 56, 158.25
2420, 280, 756, 49, 154.71
2421, 334, 756, 21, 154.19
2422, 476, 756, 43, 161.44
2423, 779, 756, 17, 159.35
2424, 831, 756, 11, 166.27
2425, 1233, 756, 21, 162.86
2426, 71, 757, 17, 146.24
2427, 314, 757, 18, 159.61
2428, 644, 757, 52, 150.98
2429, 1143, 757, 12, 160.50
2430, 1193, 757, 47, 146.11
2431, 633, 758, 4, 153.25
2432, 490, 759, 24, 154.50
2433, 417, 760, 96, 148.89
2434, 582, 760, 4, 155.00
2435, 656, 760, 40, 165.45
2436, 1107, 760, 10, 159.10
2437, 305, 761, 46, 157.22
2438, 635, 761, 26, 159.88
2439, 832, 761, 22, 161.55
2440, 14, 762, 24, 159.29
2441, 75, 762, 71, 141.54
2442, 483, 762, 4, 154.00
2443, 543, 762, 24, 152.50
2444, 610, 762, 93, 156.15
2445, 980, 762, 19, 163.58
2446, 1140, 762, 39, 164.26
2447, 233, 763, 23, 152.04
2448, 326, 763, 60, 148.52
2449, 555, 764, 13, 151.77
2450, 777, 764, 4, 144.50
2451, 944, 764, 79, 157.08
2452, 1217, 764, 13, 156.62
2453, 534, 765, 27, 153.56
2454, 749, 765, 73, 155.21
2455, 1307, 765, 28, 153.75
2456, 486, 766, 13, 160.46
2457, 581, 766, 22, 156.59
2458, 1318, 766, 45, 160.89
2459, 372, 767, 8, 147.38
2460, 97, 768, 18, 155.83
2461, 109, 768, 4, 155.50
2462, 177, 768, 42, 138.12
2463, 564, 768, 60, 151.62
2464, 765, 768, 50, 158.42
2465, 331, 769, 49, 155.14
2466, 1290, 769, 33, 152.76
2467, 1018, 770, 4, 159.00
2468, 62, 771, 24, 153.71
2469, 119, 771, 4, 155.25
2470, 190, 771, 4, 153.25
2471, 361, 771, 4, 146.25
2472, 789, 771, 13, 157.15
2473, 1132, 771, 36, 151.28
2474, 262, 772, 22, 151.41
2475, 1141, 772, 79, 153.09
2476, 197, 773, 86, 150.40
2477, 518, 773, 10, 149.20
2478, 524, 773, 30, 154.47
2479, 113, 774, 8, 155.50
2480, 310, 774, 4, 155.00
2481, 718, 774, 42, 155.50
2482, 805, 774, 13, 147.15
2483, 855, 774, 41, 159.32
2484, 1113, 774, 19, 155.42
2485, 35, 775, 53, 153.81
2486, 87, 775, 15, 151.13
2487, 777, 775, 20, 158.50
2488, 1174, 775, 54, 152.35
2489, 267, 776, 26, 158.46
2490, 364, 776, 60, 149.15
2491, 899, 776, 4, 162.50
2492, 1289, 776, 10, 155.20
2493, 829, 777, 44, 158.05
2494, 907, 777, 12, 164.50
2495, 1069, 777, 10, 159.00
2496, 1315, 777, 4, 160.75
2497, 190, 778, 79, 144.59
2498, 445, 778, 31, 159.19
2499, 571, 778, 31, 154.94
2500, 783, 778, 30, 156.77
2501, 1017, 778, 23, 152.17
2502, 1124, 778, 55, 154.73
2503, 1320, 778, 18, 165.00
2504, 560, 779, 54, 151.65
2505, 952, 779, 40, 157.43
2506, 1064, 779, 39, 154.72
2507, 1117, 779, 24, 157.83
2508, 334, 780, 30, 148.70
2509, 67, 781, 13, 153.38
2510, 173, 781, 32, 142.75
2511, 320, 781, 17, 155.47
2512, 791, 781, 28, 153.04
2513, 1010, 781, 4, 156.00
2514, 1047, 781, 15, 165.60
2515, 1248, 781, 4, 158.75
2516, 107, 782, 17, 154.18
2517, 148, 782, 53, 154.45
2518, 960, 782, 15, 166.13
2519, 974, 782, 45, 157.36
2520, 1164, 782, 57, 137.28
2521, 1241, 782, 4, 155.00
2522, 210, 783, 14, 149.36
2523, 799, 783, 13, 155.31
2524, 878, 783, 13, 166.31
2525, 526, 784, 78, 148.36
2526, 1014, 784, 10, 150.60
2527, 276, 785, 12, 158.67
2528, 312, 785, 16, 158.06
2529, 422, 785, 37, 143.43
2530, 515, 785, 12, 150.67
2531, 698, 785, 9, 152.00
2532, 1054, 785, 24, 160.29
2533, 1323, 785, 9, 167.89
2534, 293, 786, 20, 160.95
2535, 1105, 786, 20, 161.90
2536, 393, 787, 41, 138.61
2537, 190, 788, 39, 151.10
2538, 305, 788, 17, 162.94
2539, 442, 788, 17, 157.76
2540, 459, 788, 47, 156.15
2541, 570, 788, 8, 155.75
2542, 702, 788, 39, 147.87
2543, 135, 789, 4, 152.75
2544, 486, 789, 43, 148.44
2545, 773, 789, 4, 158.75
2546, 19, 790, 10, 161.40
2547, 200, 790, 26, 150.08
2548, 751, 790, 9, 161.00
2549, 783, 790, 15, 158.00
2550, 1175, 790, 49, 150.98
2551, 258, 792, 13, 159.85
2552, 544, 793, 17, 156.00
2553, 773, 793, 4, 156.00
2554, 886, 793, 35, 166.77
2555, 964, 793, 17, 160.71
2556, 972, 793, 59, 155.12
2557, 1117, 793, 29, 156.97
2558, 92, 794, 30, 152.00
2559, 560, 794, 52, 149.40
2560, 678, 794, 38, 145.50
2561, 296, 795, 4, 156.50
2562, 398, 795, 33, 146.76
2563, 830, 795, 20, 168.10
2564, 917, 795, 74, 162.54
2565, 611, 796, 28, 157.14
2566, 660, 796, 29, 148.69
2567, 176, 797, 59, 146.80
2568, 1262, 797, 15, 157.27
2569, 1340, 797, 10, 155.10
2570, 73, 798, 65, 149.32
2571, 196, 798, 4, 148.00
2572, 462, 798, 4, 160.25
2573, 227, 799, 10, 156.00
2574, 269, 799, 4, 152.75
2575, 689, 799, 4, 150.50
2576, 340, 800, 22, 150.64
2577, 546, 800, 13, 153.69
2578, 693, 800, 46, 143.07
2579, 904, 800, 20, 169.75
2580, 1256, 800, 22, 156.68
2581, 771, 801, 13, 158.92
2582, 1280, 801, 28, 154.50
2583, 552, 802, 10, 151.60
2584, 1100, 802, 17, 158.00
2585, 191, 803, 13, 150.46
2586, 367, 803, 25, 152.08
2587, 95, 804, 4, 152.25
2588, 448, 804, 25, 160.56
2589, 584, 804, 4, 148.75
2590, 1220, 804, 13, 157.85
2591, 13, 805, 31, 155.39
2592, 1091, 805, 41, 152.41
2593, 250, 806, 19, 165.21
2594, 611, 806, 13, 156.15
2595, 729, 806, 17, 147.29
2596, 890, 806, 30, 165.07
2597, 943, 806, 40, 155.95
2598, 1107, 806, 9, 153.67
2599, 287, 807, 40, 157.35
2600, 343, 807, 20, 152.00
2601, 869, 807, 15, 165.93
2602, 1030, 807, 18, 155.00
2603, 83, 808, 10, 153.50
2604, 116, 808, 26, 152.19
2605, 126, 808, 4, 152.50
2606, 152, 808, 17, 155.06
2607, 460, 808, 77, 159.06
2608, 851, 808, 43, 164.19
2609, 860, 808, 17, 166.00
2610, 24, 809, 26, 156.35
2611, 30, 809, 4, 156.50
2612, 412, 809, 9, 150.00
2613, 914, 809, 15, 170.87
2614, 1076, 809, 46, 151.59
2615, 1100, 809, 23, 156.78
2616, 307, 810, 12, 157.25
2617, 736, 810, 22, 143.45
2618, 1134, 810, 8, 160.12
2619, 1223, 810, 55, 153.87
2620, 1287, 810, 11, 158.00
2621, 600, 811, 4, 152.50
2622, 641, 811, 4, 150.00
2623, 41, 812, 15, 156.87
2624, 78, 812, 32, 122.88
2625, 586, 812, 4, 150.75
2626, 1002, 812, 78, 158.81
2627, 122, 813, 27, 151.33
2628, 261, 813, 4, 155.25
2629, 714, 813, 28, 147.25
2630, 773, 813, 18, 154.72
2631, 907, 813, 4, 168.00
2632, 1296, 813, 56, 148.59
2633, 142, 814, 64, 148.58
2634, 341, 814, 20, 151.45
2635, 414, 814, 89, 142.22
2636, 930, 814, 17, 156.41
2637, 1312, 814, 15, 156.47
2638, 89, 815, 36, 123.86
2639, 282, 815, 15, 155.67
2640, 384, 815, 31, 141.42
2641, 593, 815, 94, 143.26
2642, 917, 816, 42, 156.33
2643, 347, 817, 26, 152.31
2644, 357, 817, 8, 154.75
2645, 858, 817, 36, 161.94
2646, 953, 817, 10, 155.30
2647, 1117, 817, 10, 159.30
2648, 1246, 817, 10, 161.30
2649, 377, 818, 23, 149.39
2650, 794, 818, 93, 146.10
2651, 989, 818, 4, 162.00
2652, 1033, 818, 4, 141.75
2653, 1305, 818, 15, 155.67
2654, 457, 819, 15, 173.07
2655, 554, 819, 22, 153.59
2656, 609, 819, 51, 153.75
2657, 13, 820, 66, 155.36
2658, 287, 820, 23, 156.00
2659, 296, 820, 20, 150.85
2660, 363, 820, 10, 152.00
2661, 176, 821, 4, 153.75
2662, 926, 821, 4, 151.25
2663, 1123, 821, 17, 160.94
2664, 333, 822, 10, 154.90
2665, 621, 822, 50, 155.16
2666, 636, 822, 4, 152.75
2667, 993, 822, 47, 156.06
2668, 27, 823, 46, 156.33
2669, 54, 823, 20, 161.45
2670, 808, 823, 4, 155.75
2671, 941, 823, 33, 147.00
2672, 1305, 824, 20, 155.15
2673, 546, 825, 22, 154.82
2674, 987, 825, 4, 154.75
2675, 159, 826, 39, 152.44
2676, 376, 826, 38, 124.32
2677, 1015, 826, 19, 148.21
2678, 480, 827, 17, 174.65
2679, 708, 827, 18, 146.33
2680, 122, 828, 23, 149.43
2681, 294, 828, 15, 161.33
2682, 299, 828, 4, 153.75
2683, 88, 829, 19, 150.58
2684, 561, 829, 15, 158.00
2685, 571, 829, 34, 155.56
2686, 776, 829, 4, 148.25
2687, 947, 829, 33, 148.30
2688, 1004, 829, 36, 147.31
2689, 15, 830, 12, 160.00
2690, 50, 830, 4, 155.75
2691, 323, 830, 69, 150.94
2692, 365, 830, 79, 148.25
2693, 657, 830, 21, 149.71
2694, 749, 830, 10, 148.10
2695, 60, 832, 29, 158.14
2696, 439, 832, 45, 171.27
2697, 937, 832, 20, 152.25
2698, 1065, 832, 30, 154.37
2699, 1081, 832, 17, 159.82
2700, 678, 833, 4, 140.50
2701, 813, 833, 23, 157.70
2702, 1022, 833, 17, 144.18
2703, 613, 834, 11, 157.73
2704, 822, 834, 18, 159.33
2705, 954, 834, 11, 155.27
2706, 426, 836, 39, 145.85
2707, 590, 836, 25, 150.92
2708, 48, 837, 46, 154.70
2709, 308, 837, 40, 159.15
2710, 1033, 837, 30, 136.27
2711, 121, 838, 4, 154.50
2712, 940, 838, 69, 154.84
2713, 994, 838, 57, 146.75
2714, 1017, 838, 15, 145.07
2715, 1044, 838, 17, 147.24
2716, 464, 839, 51, 167.78
2717, 828, 839, 18, 158.67
2718, 623, 840, 34, 159.00
2719, 1209, 840, 10, 166.50
2720, 169, 841, 28, 151.82
2721, 278, 841, 23, 156.43
2722, 535, 841, 16, 153.62
2723, 988, 841, 33, 146.03
2724, 1028, 841, 20, 142.80
2725, 1221, 841, 29, 165.41
2726, 1244, 841, 29, 164.00
2727, 454, 842, 31, 176.13
2728, 553, 842, 61, 138.25
2729, 612, 842, 30, 149.80
2730, 956, 842, 15, 151.60
2731, 193, 843, 46, 156.89
2732, 319, 843, 20, 154.95
2733, 1153, 843, 4, 163.00
2734, 179, 844, 10, 161.80
2735, 307, 844, 10, 158.80
2736, 331, 844, 4, 149.50
2737, 645, 844, 40, 151.07
2738, 770, 844, 28, 154.32
2739, 1013, 844, 69, 143.17
2740, 23, 845, 73, 157.86
2741, 1168, 846, 69, 162.04
2742, 570, 847, 15, 158.00
2743, 1031, 847, 24, 139.96
2744, 1042, 847, 97, 143.14
2745, 356, 848, 18, 151.33
2746, 941, 848, 12, 156.50
2747, 991, 848, 71, 143.80
2748, 563, 849, 10, 158.00
2749, 611, 849, 95, 146.67
2750, 637, 849, 4, 146.00
2751, 721, 849, 12, 149.00
2752, 1130, 849, 4, 170.00
2753, 1154, 849, 63, 164.22
2754, 1335, 849, 18, 159.06
2755, 184, 850, 86, 159.51
2756, 880, 850, 88, 158.65
2757, 30, 851, 15, 160.33
2758, 115, 851, 46, 157.15
2759, 559, 851, 34, 156.29
2760, 313, 852, 17, 157.47
2761, 547, 852, 36, 158.08
2762, 1003, 852, 11, 151.82
2763, 632, 853, 67, 145.91
2764, 297, 854, 58, 155.47
2765, 276, 855, 34, 154.62
2766, 202, 856, 4, 160.50
2767, 496, 856, 65, 151.55
2768, 563, 856, 17, 155.76
2769, 212, 857, 17, 158.24
2770, 1307, 857, 30, 149.00
2771, 44, 858, 26, 152.15
2772, 290, 859, 29, 155.72
2773, 351, 860, 4, 145.25
2774, 880, 860, 40, 163.80
2775, 941, 860, 15, 157.47
2776, 646, 861, 32, 143.97
2777, 1036, 861, 32, 146.06
2778, 1170, 861, 27, 162.30
2779, 333, 862, 25, 159.80
2780, 745, 862, 19, 166.05
2781, 766, 862, 8, 159.50
2782, 1340, 862, 42, 157.33
2783, 34, 863, 4, 154.75
2784, 12, 864, 18, 157.78
2785, 664, 864, 10, 148.00
2786, 723, 864, 57, 171.56
2787, 1025, 864, 4, 145.25
2788, 1216, 864, 11, 162.09
2789, 225, 865, 47, 157.87
2790, 352, 865, 18, 155.44
2791, 495, 865, 20, 157.20
2792, 736, 865, 35, 173.74
2793, 1159, 865, 4, 161.50
2794, 50, 866, 11, 154.64
2795, 161, 866, 94, 155.50
2796, 179, 866, 20, 157.95
2797, 342, 866, 68, 138.29
2798, 1249, 866, 23, 160.61
2799, 619, 867, 89, 141.83
2800, 759, 867, 15, 162.40
2801, 942, 867, 36, 149.14
2802, 1235, 867, 26, 163.27
2803, 135, 868, 41, 155.05
2804, 211, 868, 16, 156.81
2805, 509, 868, 72, 143.74
2806, 17, 869, 26, 158.85
2807, 1033, 869, 62, 148.77
2808, 374, 870, 25, 147.60
2809, 1263, 870, 14, 158.71
2810, 1306, 870, 48, 160.08
2811, 34, 871, 23, 153.70
2812, 599, 871, 16, 152.69
2813, 718, 871, 15, 180.60
2814, 1174, 871, 17, 163.65
2815, 767, 872, 13, 164.62
2816, 1300, 872, 8, 161.12
2817, 113, 873, 13, 158.62
2818, 122, 873, 20, 154.35
2819, 358, 873, 4, 149.75
2820, 722, 873, 4, 171.50
2821, 1228, 873, 31, 160.03
2822, 459, 875, 75, 155.47
2823, 896, 875, 15, 160.60
2824, 1241, 875, 8, 161.00
2825, 237, 876, 36, 156.64
2826, 577, 876, 12, 148.67
2827, 1169, 877, 54, 161.80
2828, 1181, 877, 31, 158.58
2829, 1317, 877, 42, 169.76
2830, 16, 878, 20, 160.35
2831, 300, 878, 54, 143.61
2832, 184, 879, 4, 160.75
2833, 449, 879, 19, 163.05
2834, 911, 880, 47, 151.60
2835, 1126, 880, 10, 168.00
2836, 1329, 880, 40, 150.00
2837, 736, 881, 12, 177.00
2838, 1061, 881, 93, 141.53
2839, 1264, 881, 13, 157.85
2840, 1290, 881, 36, 153.89
2841, 1302, 881, 25, 162.08
2842, 414, 882, 4, 165.00
2843, 631, 882, 41, 141.02
2844, 855, 882, 34, 146.44
2845, 1226, 882, 31, 158.16
2846, 162, 883, 48, 143.50
2847, 344, 883, 23, 159.04
2848, 748, 883, 28, 176.82
2849, 1211, 883, 41, 150.83
2850, 581, 884, 4, 151.00
2851, 982, 884, 21, 150.10
2852, 1162, 884, 40, 161.95
2853, 358, 885, 11, 155.73
2854, 1021, 885, 78, 144.92
2855, 1259, 885, 37, 150.70
2856, 202, 886, 40, 157.25
2857, 1012, 886, 17, 155.47
2858, 1314, 886, 29, 162.31
2859, 19, 887, 17, 159.71
2860, 235, 887, 17, 158.24
2861, 796, 887, 39, 157.64
2862, 453, 888, 17, 162.82
2863, 1234, 888, 20, 156.55
2864, 1284, 888, 27, 160.07
2865, 154, 889, 27, 158.74
2866, 1303, 889, 47, 158.53
2867, 459, 890, 4, 157.00
2868, 893, 890, 84, 148.93
2869, 180, 891, 38, 156.37
2870, 819, 891, 17, 151.35
2871, 905, 891, 38, 147.84
2872, 168, 892, 4, 155.75
2873, 306, 892, 18, 149.78
2874, 569, 892, 12, 155.75
2875, 935, 892, 31, 159.32
2876, 507, 893, 4, 152.00
2877, 16, 894, 43, 159.16
2878, 524, 894, 76, 146.72
2879, 1224, 894, 12, 153.58
2880, 1290, 894, 4, 154.75
2881, 23, 895, 18, 162.83
2882, 232, 895, 17, 158.53
2883, 1267, 895, 4, 157.50
2884, 590, 896, 46, 155.13
2885, 790, 896, 33, 171.24
2886, 853, 896, 36, 146.64
2887, 254, 897, 92, 153.14
2888, 301, 897, 45, 150.91
2889, 726, 897, 4, 177.50
2890, 1035, 897, 26, 152.08
2891, 1144, 897, 62, 157.47
2892, 947, 898, 28, 148.89
2893, 1285, 898, 96, 155.98
2894, 776, 899, 10, 174.50
2895, 1052, 899, 13, 154.92
2896, 1264, 899, 10, 159.80
2897, 1104, 900, 32, 153.66
2898, 376, 901, 61, 154.89
2899, 422, 901, 47, 165.47
2900, 27, 902, 68, 153.22
2901, 785, 902, 15, 169.60
2902, 801, 902, 88, 164.05
2903, 1136, 902, 10, 160.10
2904, 658, 903, 22, 161.95
2905, 907, 903, 76, 130.20
2906, 1007, 903, 9, 158.78
2907, 1047, 903, 36, 158.72
2908, 95, 904, 39, 154.21
2909, 285, 904, 92, 142.34
2910, 665, 904, 98, 151.01
2911, 841, 904, 64, 135.80
2912, 327, 905, 4, 150.75
2913, 446, 905, 22, 153.50
2914, 301, 906, 53, 151.72
2915, 618, 906, 34, 154.62
2916, 1238, 906, 26, 159.96
2917, 119, 907, 4, 150.00
2918, 262, 907, 10, 160.20
2919, 317, 907, 8, 159.50
2920, 61, 908, 15, 154.53
2921, 243, 908, 68, 154.63
2922, 519, 908, 45, 147.40
2923, 124, 909, 15, 154.93
2924, 257, 909, 4, 153.75
2925, 724, 909, 45, 174.89
2926, 1149, 909, 26, 165.35
2927, 511, 910, 20, 154.80
2928, 463, 911, 15, 153.87
2929, 855, 912, 12, 141.67
2930, 193, 913, 22, 160.32
2931, 250, 913, 21, 159.24
2932, 603, 913, 30, 151.07
2933, 1019, 913, 40, 162.35
2934, 1275, 913, 62, 151.85
2935, 1296, 913, 28, 157.11
2936, 507, 914, 15, 153.60
2937, 386, 915, 43, 166.33
2938, 144, 916, 38, 149.08
2939, 297, 916, 41, 146.59
2940, 408, 916, 48, 162.02
2941, 577, 916, 4, 157.50
2942, 1003, 916, 35, 162.80
2943, 124, 917, 26, 151.12
2944, 308, 917, 49, 152.78
2945, 522, 917, 4, 143.50
2946, 98, 918, 87, 152.38
2947, 839, 918, 4, 141.25
2948, 1049, 918, 20, 160.05
2949, 1080, 918, 91, 150.08
2950, 1290, 918, 12, 161.00
2951, 14, 919, 30, 160.67
2952, 347, 919, 4, 156.25
2953, 399, 919, 4, 163.00
2954, 25, 920, 26, 157.96
2955, 133, 920, 24, 149.38
2956, 503, 920, 21, 151.76
2957, 847, 920, 4, 143.25
2958, 1125, 920, 45, 156.02
2959, 627, 921, 4, 155.00
2960, 1096, 921, 36, 152.89
2961, 231, 922, 28, 159.21
2962, 357, 922, 24, 164.50
2963, 424, 922, 17, 165.00
2964, 852, 922, 17, 148.35
2965, 861, 922, 28, 144.00
2966, 991, 922, 20, 162.45
2967, 74, 923, 27, 156.00
2968, 85, 923, 43, 153.88
2969, 908, 923, 41, 151.46
2970, 923, 923, 4, 150.75
2971, 1296, 923, 40, 155.18
2972, 883, 924, 4, 154.25
2973, 1214, 925, 30, 154.37
2974, 377, 926, 4, 157.75
2975, 420, 926, 69, 156.06
2976, 1283, 926, 70, 146.87
2977, 188, 927, 87, 150.24
2978, 510, 927, 19, 154.89
2979, 717, 927, 10, 163.30
2980, 819, 927, 4, 159.50
2981, 195, 928, 22, 159.09
2982, 328, 928, 13, 158.62
2983, 405, 928, 20, 155.20
2984, 706, 928, 4, 159.25
2985, 43, 929, 39, 154.82
2986, 809, 929, 82, 154.84
2987, 1191, 929, 85, 146.35
2988, 21, 930, 37, 149.84
2989, 30, 930, 15, 157.20
2990, 356, 930, 28, 162.11
2991, 471, 930, 10, 153.10
2992, 134, 931, 4, 145.25
2993, 206, 931, 50, 160.70
2994, 233, 931, 42, 163.45
2995, 725, 931, 10, 166.00
2996, 93, 932, 4, 152.75
2997, 760, 932, 50, 158.62
2998, 521, 933, 4, 155.00
2999, 529, 933, 41, 154.85
3000, 997, 933, 50, 158.50
3001, 259, 934, 15, 158.80
3002, 116, 935, 54, 145.83
3003, 1330, 935, 32, 150.50
3004, 94, 937, 27, 151.81
3005, 1037, 937, 17, 160.53
3006, 245, 938, 42, 161.14
3007, 271, 938, 40, 151.55
3008, 956, 938, 49, 150.18
3009, 1215, 938, 21, 152.43
3010, 1296, 939, 27, 158.30
3011, 28, 940, 15, 159.73
3012, 460, 940, 10, 164.30
3013, 498, 940, 36, 155.36
3014, 947, 941, 55, 141.56
3015, 36, 942, 42, 135.50
3016, 211, 942, 4, 161.50
3017, 260, 942, 85, 151.95
3018, 482, 942, 77, 149.70
3019, 514, 942, 78, 143.35
3020, 1179, 942, 15, 160.53
3021, 223, 943, 9, 163.67
3022, 426, 944, 18, 154.39
3023, 53, 945, 23, 149.13
3024, 322, 945, 17, 153.12
3025, 954, 945, 26, 154.69
3026, 1057, 945, 8, 156.12
3027, 1153, 945, 12, 165.50
3028, 157, 946, 4, 138.50
3029, 291, 946, 21, 151.24
3030, 901, 947, 27, 156.78
3031, 1133, 947, 24, 158.46
3032, 1170, 947, 22, 159.09
3033, 580, 948, 10, 161.30
3034, 650, 948, 4, 157.75
3035, 1111, 948, 51, 154.63
3036, 1160, 948, 16, 161.44
3037, 236, 949, 21, 161.86
3038, 243, 949, 19, 158.74
3039, 442, 949, 26, 151.65
3040, 848, 949, 33, 148.45
3041, 967, 949, 53, 149.60
3042, 47, 950, 4, 147.50
3043, 1143, 950, 12, 161.42
3044, 59, 951, 48, 144.06
3045, 202, 951, 29, 157.69
3046, 395, 951, 98, 149.22
3047, 1007, 951, 59, 167.41
3048, 1099, 951, 95, 151.55
3049, 1175, 951, 40, 157.88
3050, 1331, 952, 33, 147.97
3051, 22, 953, 47, 148.26
3052, 298, 953, 22, 151.18
3053, 875, 953, 27, 155.15
3054, 1126, 953, 12, 157.25
3055, 324, 954, 19, 152.16
3056, 491, 954, 73, 154.67
3057, 642, 954, 13, 150.69
3058, 1117, 954, 20, 157.55
3059, 954, 955, 10, 153.20
3060, 1152, 955, 20, 159.00
3061, 1263, 955, 39, 142.46
3062, 656, 956, 53, 156.79
3063, 1145, 956, 10, 162.80
3064, 1132, 957, 4, 155.25
3065, 477, 958, 4, 152.00
3066, 699, 958, 25, 160.84
3067, 973, 958, 93, 150.94
3068, 234, 960, 8, 162.50
3069, 961, 960, 4, 150.75
3070, 47, 961, 56, 148.45
3071, 421, 961, 22, 152.23
3072, 823, 961, 13, 159.31
3073, 1156, 961, 12, 160.08
3074, 143, 962, 10, 153.90
3075, 212, 962, 89, 154.56
3076, 259, 962, 15, 163.40
3077, 640, 962, 45, 146.40
3078, 1036, 962, 26, 158.23
3079, 1124, 962, 19, 151.32
3080, 320, 963, 4, 148.00
3081, 389, 963, 19, 158.68
3082, 451, 963, 4, 156.25
3083, 729, 963, 75, 144.19
3084, 800, 963, 79, 155.16
3085, 628, 964, 4, 137.00
3086, 1107, 964, 82, 154.61
3087, 23, 965, 12, 154.08
3088, 308, 965, 27, 150.67
3089, 373, 965, 4, 157.00
3090, 885, 965, 31, 148.48
3091, 908, 965, 14, 159.14
3092, 965, 965, 83, 139.45
3093, 1147, 965, 52, 160.77
3094, 461, 966, 13, 158.54
3095, 1045, 966, 29, 151.55
3096, 171, 967, 13, 148.62
3097, 361, 967, 4, 153.75
3098, 926, 968, 12, 160.00
3099, 1311, 968, 28, 165.14
3100, 201, 969, 15, 155.27
3101, 224, 969, 4, 156.50
3102, 397, 969, 17, 156.59
3103, 470, 969, 4, 154.75
3104, 1173, 969, 4, 155.25
3105, 1300, 969, 18, 165.22
3106, 504, 970, 17, 157.00
3107, 595, 970, 30, 144.03
3108, 913, 970, 4, 154.25
3109, 232, 971, 19, 159.68
3110, 376, 971, 73, 158.48
3111, 637, 971, 20, 158.75
3112, 717, 971, 12, 148.83
3113, 264, 972, 4, 162.00
3114, 364, 972, 84, 154.89
3115, 526, 972, 19, 156.68
3116, 1008, 972, 15, 166.80
3117, 16, 973, 17, 153.29
3118, 160, 973, 4, 143.50
3119, 273, 973, 45, 163.58
3120, 481, 973, 39, 150.95
3121, 492, 973, 28, 146.89
3122, 705, 973, 18, 158.28
3123, 90, 974, 47, 148.89
3124, 186, 974, 23, 151.57
3125, 739, 974, 4, 149.75
3126, 747, 974, 4, 151.25
3127, 858, 974, 8, 157.88
3128, 1226, 974, 19, 153.32
3129, 35, 975, 61, 143.84
3130, 180, 975, 50, 146.48
3131, 576, 975, 27, 152.52
3132, 795, 975, 24, 156.46
3133, 103, 976, 10, 157.40
3134, 207, 976, 17, 158.53
3135, 192, 977, 32, 154.72
3136, 280, 977, 13, 166.08
3137, 447, 977, 49, 157.16
3138, 459, 977, 20, 154.95
3139, 560, 977, 42, 151.98
3140, 1081, 977, 11, 157.55
3141, 13, 978, 10, 155.10
3142, 124, 978, 47, 146.53
3143, 437, 978, 14, 159.57
3144, 756, 978, 29, 153.59
3145, 22, 979, 96, 146.72
3146, 73, 979, 22, 151.27
3147, 159, 979, 32, 146.16
3148, 399, 979, 13, 161.46
3149, 972, 979, 4, 147.00
3150, 47, 980, 8, 153.00
3151, 238, 980, 4, 157.00
3152, 548, 980, 42, 147.93
3153, 570, 980, 10, 155.40
3154, 925, 980, 24, 157.79
3155, 1072, 980, 88, 149.92
3156, 1303, 980, 47, 167.55
3157, 1231, 981, 8, 153.50
3158, 522, 982, 13, 158.00
3159, 1183, 982, 41, 151.54
3160, 314, 983, 10, 154.80
3161, 622, 983, 47, 142.51
3162, 701, 983, 40, 152.90
3163, 49, 984, 30, 151.07
3164, 222, 984, 28, 158.07
3165, 246, 984, 26, 162.88
3166, 335, 984, 37, 149.65
3167, 237, 985, 66, 151.21
3168, 347, 985, 20, 152.85
3169, 455, 985, 31, 156.90
3170, 1175, 985, 16, 161.19
3171, 153, 986, 38, 136.24
3172, 272, 986, 22, 165.05
3173, 93, 987, 4, 148.50
3174, 130, 987, 51, 144.51
3175, 574, 987, 4, 152.25
3176, 83, 988, 50, 140.52
3177, 1005, 988, 61, 154.57
3178, 143, 989, 8, 151.88
3179, 196, 989, 4, 150.75
3180, 364, 989, 20, 155.05
3181, 523, 989, 16, 154.06
3182, 256, 990, 4, 160.25
3183, 555, 990, 63, 141.67
3184, 166, 991, 59, 148.54
3185, 407, 991, 30, 156.70
3186, 697, 991, 90, 141.23
3187, 426, 992, 22, 158.23
3188, 465, 992, 4, 155.00
3189, 1175, 993, 43, 156.77
3190, 97, 994, 41, 150.61
3191, 744, 994, 17, 157.18
3192, 571, 995, 71, 145.90
3193, 661, 995, 73, 163.12
3194, 837, 995, 18, 155.89
3195, 904, 995, 4, 157.50
3196, 550, 996, 10, 153.50
3197, 1319, 996, 15, 165.67
3198, 145, 997, 66, 140.95
3199, 542, 997, 26, 153.00
3200, 371, 998, 8, 152.12
3201, 470, 998, 9, 159.67
3202, 849, 998, 10, 157.40
3203, 52, 999, 13, 154.00
3204, 220, 999, 41, 155.88
3205, 246, 999, 65, 155.49
3206, 429, 1000, 53, 151.09
3207, 1168, 1000, 29, 160.62
3208, 1192, 1000, 15, 160.93
3209, 32, 1001, 32, 153.94
3210, 565, 1001, 68, 146.13
3211, 910, 1001, 4, 157.50
3212, 918, 1001, 4, 160.00
3213, 587, 1002, 37, 157.86
3214, 409, 1003, 25, 153.60
3215, 448, 1003, 4, 156.75
3216, 644, 1003, 33, 167.82
3217, 788, 1003, 21, 156.81
3218, 1224, 1003, 76, 149.07
3219, 1250, 1003, 4, 149.25
3220, 837, 1004, 4, 154.50
3221, 268, 1005, 23, 162.35
3222, 484, 1005, 23, 160.13
3223, 632, 1005, 29, 157.76
3224, 1152, 1005, 30, 161.60
3225, 698, 1006, 13, 157.54
3226, 1004, 1006, 23, 160.00
3227, 99, 1007, 4, 156.75
3228, 216, 1007, 4, 153.50
3229, 280, 1007, 10, 154.60
3230, 382, 1007, 4, 147.50
3231, 537, 1007, 23, 149.78
3232, 1187, 1007, 8, 160.88
3233, 454, 1008, 32, 156.72
3234, 939, 1008, 15, 156.60
3235, 995, 1008, 10, 160.90
3236, 53, 1009, 46, 153.39
3237, 236, 1009, 8, 160.50
3238, 1212, 1009, 13, 155.85
3239, 71, 1010, 12, 154.00
3240, 821, 1010, 4, 158.00
3241, 96, 1011, 17, 158.06
3242, 335, 1011, 41, 152.12
3243, 446, 1011, 13, 154.46
3244, 681, 1011, 50, 155.58
3245, 748, 1011, 4, 154.75
3246, 904, 1011, 10, 161.60
3247, 282, 1012, 24, 153.92
3248, 437, 1012, 41, 155.24
3249, 540, 1012, 67, 145.55
3250, 594, 1012, 4, 156.00
3251, 610, 1012, 10, 156.30
3252, 648, 1012, 48, 163.31
3253, 811, 1012, 55, 161.22
3254, 1158, 1012, 19, 161.37
3255, 135, 1013, 10, 146.20
3256, 263, 1013, 52, 160.48
3257, 1002, 1013, 19, 160.47
3258, 1255, 1013, 33, 149.03
3259, 792, 1014, 20, 159.60
3260, 1175, 1015, 14, 160.29
3261, 1033, 1016, 17, 159.41
3262, 1278, 1016, 10, 158.90
3263, 117, 1017, 20, 151.60
3264, 568, 1017, 41, 156.20
3265, 15, 1018, 30, 160.03
3266, 403, 1018, 26, 158.08
3267, 495, 1018, 20, 158.55
3268, 801, 1018, 16, 160.94
3269, 829, 1018, 26, 153.46
3270, 1267, 1018, 15, 153.67
3271, 593, 1019, 10, 156.10
#generated on Tue Jun 11 17:12:29 PDT 2013
